Family;Genus;Species;Species English;Bangka;Red Sea;Both;All
Acanthuridae;Acanthurus;auranticavus;Fine-Lined Surgeonfish;1;0;0;1
Acanthuridae;Acanthurus;blochii;Ringtail Surgeonfish;1;0;0;1
Acanthuridae;Acanthurus;dussumieri;Eyestripe Surgeonfish;1;0;0;1
Acanthuridae;Acanthurus;gahhm;Black Surgeonfish;1;1;1;1
Acanthuridae;Acanthurus;grammoptilus;Inshore Surgeonfish;1;0;0;1
Acanthuridae;Acanthurus;guttatus;White-Spotted Surgeonfish;1;0;0;1
Acanthuridae;Acanthurus;japonicus;Japanese Surgeonfish;1;0;0;1
Acanthuridae;Acanthurus;leucocheilus;Pale-Lipped Surgeonfish;1;0;0;1
Acanthuridae;Acanthurus;lineatus;Striped Surgeonfish;1;0;0;1
Acanthuridae;Acanthurus;mata;Yellowmask Surgeonfish;1;0;0;1
Acanthuridae;Acanthurus;nigricans;Whitecheek Surgeonfish;1;0;0;1
Acanthuridae;Acanthurus;nigricauda;Blackstreak Surgeonfish;1;0;0;1
Acanthuridae;Acanthurus;nigrofuscus;Dusky Surgeonfish;1;1;1;1
Acanthuridae;Acanthurus;nubilus;Dark Surgeonfish;1;0;0;1
Acanthuridae;Acanthurus;olivaceus;Orangeband Surgeonfish;1;0;0;1
Acanthuridae;Acanthurus;pyroferus;Mimic Surgeonfish;1;0;0;1
Acanthuridae;Acanthurus;sohal;Sohal Surgeonfish;1;1;1;1
Acanthuridae;Acanthurus;thompsoni;Thompson's Surgeonfish;1;0;0;1
Acanthuridae;Acanthurus;triostegus;Convict Surgeonfish;1;0;0;1
Acanthuridae;Acanthurus;xanthopterus;Yellowfin Surgeonfish;1;0;0;1
Acanthuridae;Ctenochaetus;binotatus;Twospot Bristletooth;1;0;0;1
Acanthuridae;Ctenochaetus;cyanocheilus;Bluelip Bristletooth;1;0;0;1
Acanthuridae;Ctenochaetus;striatus;Lined Bristletooth;1;1;1;1
Acanthuridae;Ctenochaetus;tominiensis;Orangetip Bristletooth;1;0;0;1
Acanthuridae;Ctenochaetus;truncatus;Indian Gold-Ring Bristletooth;1;0;0;1
Acanthuridae;Naso;annulatus;Whitemargin Unicornfish;1;0;0;1
Acanthuridae;Naso;brachycentron;Humpback Unicornfish;1;0;0;1
Acanthuridae;Naso;brevirostris;Spotted Unicornfish;1;1;1;1
Acanthuridae;Naso;caeruleacauda;Bluetail Unicornfish;1;0;0;1
Acanthuridae;Naso;caesius;Grey Unicornfish;1;0;0;1
Acanthuridae;Naso;elegans;Red Sea Orange-Spine Unicornfish;1;1;1;1
Acanthuridae;Naso;hexacanthus;Sleek Unicornfish;1;1;1;1
Acanthuridae;Naso;lituratus;Orange-Spine Unicornfish;1;0;0;1
Acanthuridae;Naso;lopezi;Slender Unicornfish;1;0;0;1
Acanthuridae;Naso;mcdadei;Squarenose Unicornfish;1;0;0;1
Acanthuridae;Naso;minor;Blackspine Unicornfish;1;0;0;1
Acanthuridae;Naso;thynnoides;Onespine Unicornfish;1;0;0;1
Acanthuridae;Naso;unicornis;Bluespine Unicornfish;1;1;1;1
Acanthuridae;Naso;vlamingii;Bignose Unicorn;1;0;0;1
Acanthuridae;Paracanthurus;hepatus;Palette Surgeonfish;1;0;0;1
Acanthuridae;Zebrasoma;desjardinii;Indian Sailfin Tang;1;1;1;1
Acanthuridae;Zebrasoma;flavescens;Yellow Tang;1;0;0;1
Acanthuridae;Zebrasoma;scopas;Brushtail Tang;1;0;0;1
Acanthuridae;Zebrasoma;velifer;Pacific Sailfin Tang;1;0;0;1
Acanthuridae;Zebrasoma;xanthurum;Yellowtail Tang;1;1;1;1
Aetobatidae;Aetobatus;ocellatus;Spotted Eagle Ray;1;1;1;1
Alopiidae;Alopias;pelagicus;Pelagic Thresher Shark;1;0;0;1
Ambassidae;Ambassis;urotaenia;Banded-Tail Glassy;1;0;0;1
Ambassidae;Ambassis;vachellii;Vachell's Glassfish;1;0;0;1
Antennariidae;Abantennarius;nummifer;NA;1;0;0;1
Antennariidae;Antennarius;commerson;Giant Frogfish;1;1;1;1
Antennariidae;Antennarius;hispidus;Hispid Frogfish;1;0;0;1
Antennariidae;Antennarius;maculatus;Warty Frogfish;1;0;0;1
Antennariidae;Antennarius;pictus;Painted Frogfish;1;1;1;1
Antennariidae;Antennarius;striatus;Striated Frogfish;1;0;0;1
Anthiadidae;Mirolabrichthys;pascalus;Purple Queen Anthias;1;0;0;1
Anthiadidae;Mirolabrichthys;tuka;Purple Queenfish;1;0;0;1
Anthiadidae;Nemanthias;dispar;Redfin Anthias;1;0;0;1
Anthiadidae;Plectranthias;winniensis;Redblotch Perchlet;1;1;1;1
Anthiadidae;Pseudanthias;cheirospilos;Pacific Lyretail Anthias;1;0;0;1
Anthiadidae;Pseudanthias;huchtii;Threadfin Anthias;1;0;0;1
Anthiadidae;Pseudanthias;lunulatus;Lunate Goldie;0;1;0;1
Anthiadidae;Pseudanthias;pleurotaenia;Squarespot Anthias;1;0;0;1
Anthiadidae;Pseudanthias;randalli;Randall's Anthias;1;0;0;1
Anthiadidae;Pseudanthias;squamipinnis;Scalefin Anthias;1;1;1;1
Anthiadidae;Pseudanthias;taeniatus;Red Sea Anthias;1;1;1;1
Anthiadidae;Serranocirrhitus;latus;Hawk Anthias;1;0;0;1
Apogonidae;Apogon;campbelli;Campbell's Cardinalfish;0;1;0;1
Apogonidae;Apogon;ceramensis;Mangrove Cardinalfish;1;0;0;1
Apogonidae;Apogon;coccineus;Ruby Cardinalfish;0;1;0;1
Apogonidae;Apogon;doryssa;Longspine Cardinalfish;1;0;0;1
Apogonidae;Apogon;erythrosoma;Redmouth Cardinalfish;1;1;1;1
Apogonidae;Apogon;luteus;NA;1;0;0;1
Apogonidae;Apogonichthyoides;pharaonis;Pharao Cardinalfish;1;0;0;1
Apogonidae;Apogonichthyoides;taeniatus;Twobelt Cardinalfish;1;1;1;1
Apogonidae;Archamia;bleekeri;Bleeker's Cardinalfish;1;0;0;1
Apogonidae;Cheilodipterus;alleni;Allen's Cardinalfish;1;0;0;1
Apogonidae;Cheilodipterus;artus;Wolf Cardinalfish;1;0;0;1
Apogonidae;Cheilodipterus;intermedius;Intermediate Cardinalfish;1;0;0;1
Apogonidae;Cheilodipterus;isostigma;Toothy Cardinalfish;1;0;0;1
Apogonidae;Cheilodipterus;lachneri;Aqaba Cardinalfish;1;1;1;1
Apogonidae;Cheilodipterus;macrodon;Tiger Cardinalfish;1;1;1;1
Apogonidae;Cheilodipterus;nigrotaeniatus;Mimic Cardinalfish;1;0;0;1
Apogonidae;Cheilodipterus;novemstriatus;Indian Ocean Twospot Cardinalfish;1;1;1;1
Apogonidae;Cheilodipterus;persicus;Persian Cardinalfish;1;1;1;1
Apogonidae;Cheilodipterus;pygmaios;Pygmy Cardinalfish;0;1;0;1
Apogonidae;Cheilodipterus;quinquelineatus;Fivelined Cardinalfish;1;1;1;1
Apogonidae;Cheilodipterus;singapurensis;Truncate Cardinalfish;1;0;0;1
Apogonidae;Fibramia;ceramensis;NA;1;0;0;1
Apogonidae;Fibramia;thermalis;Sangi Cardinalfish;1;0;0;1
Apogonidae;Foa;fo;Weedy Cardinalfish;1;1;1;1
Apogonidae;Fowleria;aurita;Crosseyed cardinalfish;0;1;0;1
Apogonidae;Fowleria;vaiulae;Mottled Cardinalfish;1;0;0;1
Apogonidae;Nectamia;annularis;Ringtail Cardinalfish;1;1;1;1
Apogonidae;Nectamia;fusca;Ghost Cardinalfish;1;1;1;1
Apogonidae;Nectamia;savayensis;Samoan Cardinalfish;1;0;0;1
Apogonidae;Nectamia;zebrina;Zebra Cardinalfish;1;1;1;1
Apogonidae;Ostorhinchus;angustatus;Broadstripe Cardinalfish;1;0;0;1
Apogonidae;Ostorhinchus;apogonoides;Goldbelly Cardinalfish;1;1;1;1
Apogonidae;Ostorhinchus;aureus;Ringtailed Cardinalfish;1;0;0;1
Apogonidae;Ostorhinchus;chrysopomus;Spotted-Gill Cardinalfish;1;0;0;1
Apogonidae;Ostorhinchus;chrysotaenia;Yellowlined Cardinalfish;1;0;0;1
Apogonidae;Ostorhinchus;compressus;Blue-eye Cardinalfish;1;0;0;1
Apogonidae;Ostorhinchus;cookii;Cook's Cardinalfish;0;1;0;1
Apogonidae;Ostorhinchus;cyanosoma;Yellowstriped Cardinalfish;1;1;1;1
Apogonidae;Ostorhinchus;fleurieu;Flower Cardinalfish;1;1;1;1
Apogonidae;Ostorhinchus;griffini;Hookfin Cardinalfish;1;0;0;1
Apogonidae;Ostorhinchus;hartzfeldii;Hartzfeld's Cardinalfish;1;0;0;1
Apogonidae;Ostorhinchus;hoevenii;Frostfin Cardinalfish;1;0;0;1
Apogonidae;Ostorhinchus;lateralis;NA;1;0;0;1
Apogonidae;Ostorhinchus;margaritophorus;Redstriped Cardinalfish;1;0;0;1
Apogonidae;Ostorhinchus;moluccensis;Moluccan Cardinalfish;1;0;0;1
Apogonidae;Ostorhinchus;monospilus;Yelloweye Cardinalfish;1;0;0;1
Apogonidae;Ostorhinchus;multilineatus;Manylined Cardinalfish;1;0;0;1
Apogonidae;Ostorhinchus;nanus;Tiny Cardinalfish;1;0;0;1
Apogonidae;Ostorhinchus;neotes;Larval Cardinalfish;1;0;0;1
Apogonidae;Ostorhinchus;nigrofasciatus;Blackstripe Cardinalfish;1;1;1;1
Apogonidae;Ostorhinchus;novemfasciatus;Sevenstripe Cardinalfish;1;0;0;1
Apogonidae;Ostorhinchus;parvulus;Redspot Cardinalfish;1;0;0;1
Apogonidae;Ostorhinchus;pselion;Anklet Cardinalfish;0;1;0;1
Apogonidae;Ostorhinchus;sealei;Cheekbar Cardinalfish;1;0;0;1
Apogonidae;Ostorhinchus;wassinki;Wassink's Cardinalfish;1;0;0;1
Apogonidae;Pristiapogon;exostigma;Oneline Cardinalfish;1;1;1;1
Apogonidae;Pristiapogon;fraenatus;Bridled Cardinalfish;1;1;1;1
Apogonidae;Pristiapogon;kallopterus;Iridescent Cardinalfish;1;1;1;1
Apogonidae;Pristicon;rhodopterus;False Threespot Cardinalfish;1;0;0;1
Apogonidae;Pristicon;trimaculatus;Threespot Cardinafish;1;0;0;1
Apogonidae;Pterapogon;kauderni;Banggai Cardinalfish;1;0;0;1
Apogonidae;Rhabdamia;gracilis;Slender Cardinalfish;1;0;0;1
Apogonidae;Siphamia;tubifer;NA;1;0;0;1
Apogonidae;Sphaeramia;nematoptera;Pajama Cardinalfish;1;0;0;1
Apogonidae;Sphaeramia;orbicularis;Orbicular Cardinalfish;1;0;0;1
Apogonidae;Taeniamia;bilineata;Two-Lined Cardinalfish;1;1;1;1
Apogonidae;Taeniamia;fucata;Orangelined Cardinalfish;1;1;1;1
Apogonidae;Taeniamia;lineolata;Shimmering Cardinal;0;1;0;1
Apogonidae;Taeniamia;macroptera;Duskytailed Cardinalfish;1;0;0;1
Apogonidae;Taeniamia;zosterophora;Girdled Cardinalfish;1;0;0;1
Apogonidae;Verulux;cypselurus;Blacknosed Cardinalfish;1;1;1;1
Apogonidae;Yarica;hyalosoma;Humpbacked Cardinalfish;1;0;0;1
Apogonidae;Zapogon;isus;Grapefruit Cardinalfish;0;1;0;1
Apogonidae;Zoramia;leptacanthus;Threadfin Cardinalfish;1;0;0;1
Atherinidae;Atherinomorus;lacunosus;Robust Silverside;1;0;0;1
Atherinidae;Atherinomorus;lacunosus;Slender Hardyhead;0;1;0;1
Atherinidae;Hypoatherina;gobio;Gudgeon Silverside;0;1;0;1
Atherinidae;Hypoatherina;gobio;NA;1;0;0;1
Atherinidae;Hypoatherina;golanii;Red Sea Silverside;1;1;1;1
Atherinidae;Old;World;NA;1;0;0;1
Aulostomidae;Aulostomus;chinensis;Trumpetfish;1;0;0;1
Balistidae;Abalistes;stellatus;Starry Triggerfish;1;0;0;1
Balistidae;Balistapus;undulatus;Orange-Lined Triggerfish;1;1;1;1
Balistidae;Balistoides;conspicillum;Clown Triggerfish;1;0;0;1
Balistidae;Balistoides;viridescens;Titan Triggerfish;1;1;1;1
Balistidae;Canthidermis;maculata;Oceanic Triggerfish;1;0;0;1
Balistidae;Melichthys;niger;Black Triggerfish;1;0;0;1
Balistidae;Melichthys;vidua;Pink-Tailed Triggerfish;1;0;0;1
Balistidae;Odonus;niger;Redtooth Triggerfish;1;1;1;1
Balistidae;Pseudobalistes;flavimarginatus;Yellowmargin Triggerfish;1;1;1;1
Balistidae;Pseudobalistes;fuscus;Blue Triggerfish;1;1;1;1
Balistidae;Rhinecanthus;aculeatus;Lagoon Triggerfish;1;0;0;1
Balistidae;Rhinecanthus;assasi;Arabian Picasso Triggerfish;1;1;1;1
Balistidae;Rhinecanthus;rectangulus;Wedgetail Triggerfish;1;0;0;1
Balistidae;Rhinecanthus;verrucosus;Blackpatch Triggerfish;1;0;0;1
Balistidae;Sufflamen;albicaudatum;Bluethroat Triggerfish;1;1;1;1
Balistidae;Sufflamen;bursa;Scythe Triggerfish;1;0;0;1
Balistidae;Sufflamen;chrysopterum;Flagtail Triggerfish;1;0;0;1
Balistidae;Sufflamen;fraenatum;Bridled Triggerfish;1;0;0;1
Balistidae;Xanthichthys;auromarginatus;Gilded Triggerfish;1;0;0;1
Batrachoididae;Halophyme;diemensis;NA;1;0;0;1
Batrachoididae;Halophyme;hutchinsi;NA;1;0;0;1
Belonidae;Platybelone;argalus;Keeltail Needlefish;1;0;0;1
Belonidae;Strongylura;incisa;Reef Needlefish;1;0;0;1
Belonidae;Tylosurus;choram;Red Sea Houndfish;1;0;0;1
Belonidae;Tylosurus;choram;Red Sea Needlefish;0;1;0;1
Belonidae;Tylosurus;crocodilus;Crocodile Needlefish;1;0;0;1
Blenniidae;Alloblennius;jugularis;Jugular Blenny;1;1;1;1
Blenniidae;Alloblennius;pictus;Bluebelly Blenny;1;1;1;1
Blenniidae;Alticus;magnusi;Magnus' Blenny;1;1;1;1
Blenniidae;Aspidontus;dussumieri;Lance Blenny;1;1;1;1
Blenniidae;Aspidontus;taeniatus;Cleaner Mimic;1;1;1;1
Blenniidae;Atrosalarias;fuscus;Brown Coral Blenny;1;1;1;1
Blenniidae;Blenniella;chrysospilos;Red-Spotted Blenniella;1;0;0;1
Blenniidae;Blenniella;periophthalmus;Blue-dashed Rockskipper;1;1;1;1
Blenniidae;Cirripectes;castaneus;Chestnut Blenny;1;1;1;1
Blenniidae;Cirripectes;filamentosus;Filamentous Blenny;1;0;0;1
Blenniidae;Cirripectes;imitator;Imitator Blenny;1;0;0;1
Blenniidae;Cirripectes;polyzona;Barred Blenny;1;0;0;1
Blenniidae;Cirripectes;springeri;Springers Blenny;1;0;0;1
Blenniidae;Cirripectes;stigmaticus;Red-Streaked Blenny;1;0;0;1
Blenniidae;Crossosalarias;macrospilus;Triplespot Blenny;1;0;0;1
Blenniidae;Ecsenius;aroni;Aron's Blenny;1;1;1;1
Blenniidae;Ecsenius;axelrodi;Clown Blenny;1;0;0;1
Blenniidae;Ecsenius;bandanus;Banda Blenny;1;0;0;1
Blenniidae;Ecsenius;bathi;Bath's Blenny;1;0;0;1
Blenniidae;Ecsenius;bicolor;Bicolor Blenny;1;0;0;1
Blenniidae;Ecsenius;bimaculatus;Twinspot Blenny;1;0;0;1
Blenniidae;Ecsenius;dentex;Dentex Blenny;1;1;1;1
Blenniidae;Ecsenius;frontalis;Smooth-Fin Blenny;0;1;0;1
Blenniidae;Ecsenius;gravieri;Red Sea Mimic Blenny;1;1;1;1
Blenniidae;Ecsenius;lividanalis;Blackass Combtooth Blenny;1;0;0;1
Blenniidae;Ecsenius;midas;Midas Combtooth Blenny;1;1;1;1
Blenniidae;Ecsenius;namiyei;Namiye's Combtooth Blenny;1;0;0;1
Blenniidae;Ecsenius;pictus;Pictus Blenny;1;0;0;1
Blenniidae;Ecsenius;schroederi;Spoke-Eye Blenny;1;0;0;1
Blenniidae;Ecsenius;stictus;Great Barrier Reef Blenny;1;0;0;1
Blenniidae;Ecsenius;stigmatura;Tailspot Blenny;1;0;0;1
Blenniidae;Ecsenius;trilineatus;Three-Lined Blenny;1;0;0;1
Blenniidae;Ecsenius;yaeyamaensis;Yaeyama Blenny;1;0;0;1
Blenniidae;Exallias;brevis;Leopard Blenny;1;1;1;1
Blenniidae;Hirculops;cornifer;Highbrow Rockskipper;1;1;1;1
Blenniidae;Istiblennius;edentulus;Rippled Rockskipper;1;1;1;1
Blenniidae;Istiblennius;rivulatus;Orangelined Rockskipper;1;1;1;1
Blenniidae;Istiblennius;unicolor;Pallid Rockskipper;0;1;0;1
Blenniidae;Meiacanthus;atrodorsalis;Yellowtail Fangblenny;1;0;0;1
Blenniidae;Meiacanthus;crinitus;Hairytail Fangblenny;1;0;0;1
Blenniidae;Meiacanthus;grammistes;Striped Fangblenny;1;0;0;1
Blenniidae;Meiacanthus;nigrolineatus;Blackline Fangblenny;1;1;1;1
Blenniidae;Mimoblennius;atrocinctus;Banded Blenny;1;0;0;1
Blenniidae;Mimoblennius;cirrosus;Fringed Blenny;1;1;1;1
Blenniidae;Nannosalarias;nativitatis;Throatspot Blenny;1;0;0;1
Blenniidae;Petroscirtes;breviceps;Shorthead Fangblenny;1;0;0;1
Blenniidae;Petroscirtes;mitratus;Highfin Fangblenny;1;1;1;1
Blenniidae;Petroscirtes;variabilis;Variable Sabretooth Blenny;1;0;0;1
Blenniidae;Plagiotremus;laudandus;Bicolor Fangblenny;1;0;0;1
Blenniidae;Plagiotremus;rhinorhynchos;Bluestriped Fangblenny;1;1;1;1
Blenniidae;Plagiotremus;tapeinosoma;Piano Fangblenny;1;1;1;1
Blenniidae;Plagiotremus;townsendi;Townsend's Fangblenny;1;1;1;1
Blenniidae;Salarias;alboguttatus;White-Spotted Blenny;1;0;0;1
Blenniidae;Salarias;ceramensis;Seram Blenny;1;0;0;1
Blenniidae;Salarias;fasciatus;Jewelled Blenny;1;1;1;1
Blenniidae;Salarias;guttatus;Fine-Spotted Blenny;1;0;0;1
Blenniidae;Salarias;obscurus;Obscure Blenny;1;0;0;1
Blenniidae;Salarias;ramosus;Starry Blenny;1;0;0;1
Blenniidae;Salarias;segmentatus;Segmented Blenny;1;0;0;1
Blenniidae;Xiphasia;setifer;Snake Blenny;1;0;0;1
Bothidae;Asterorhombus;cocosensis;Cocos Island Flounder;1;0;0;1
Bothidae;Asterorhombus;filifer;Longlure Flounder;1;0;0;1
Bothidae;Asterorhombus;intermedius;Blotched Flounder;1;1;1;1
Bothidae;Bothus;mancus;Peacock Flounder;1;0;0;1
Bothidae;Bothus;pantherinus;Panther Flounder;1;1;1;1
Bothidae;Engyprosopon;grandisquama;Spot-tail Wide-eye Flounder;1;0;0;1
Bothidae;Engyprosopon;macrolepis;Largescale Dwarf Flounder;1;1;1;1
Bothidae;Pseudorhombus;dupliciocellatus;Occelated Flounder;1;0;0;1
Callionymidae;Anaora;tentaculata;Leafy Dragonet;1;0;0;1
Callionymidae;Callionymus;delicatulus;Delicate Dragonet;1;1;1;1
Callionymidae;Callionymus;enneactis;Common Dragonet;1;0;0;1
Callionymidae;Callionymus;zythros;Wongat Dragonet;1;0;0;1
Callionymidae;Callogobius;pilosimentum;Hairy-chinned Flapheaded Goby;0;1;0;1
Callionymidae;Dactylopus;dactylopus;Fingered Dragonet;1;0;0;1
Callionymidae;Dactylopus;kuiteri;Orange And Black Dragonet;1;0;0;1
Callionymidae;Diplogrammus;goramensis;Goram Dragonet;1;0;0;1
Callionymidae;Diplogrammus;randalli;Randall's Dragonet;1;1;1;1
Callionymidae;Synchiropus;bartelsi;Bartel's Dragonet;1;0;0;1
Callionymidae;Synchiropus;morrisoni;Morrison's Dragonet;1;0;0;1
Callionymidae;Synchiropus;moyeri;Moyer's Dragonet;1;0;0;1
Callionymidae;Synchiropus;ocellatus;Ocellated Dragonet;1;0;0;1
Callionymidae;Synchiropus;splendidus;Mandarinfish;1;0;0;1
Callionymidae;Synchiropus;stellatus;Starry Dragonet;1;0;0;1
Carangidae;Atule;mate;Yellowtail Scad;1;1;1;1
Carangidae;Carangichthys;oblongus;NA;1;0;0;1
Carangidae;Carangoides;armatus;NA;1;0;0;1
Carangidae;Carangoides;orthogrammus;NA;1;0;0;1
Carangidae;Caranx;ignobilis;Giant Trevally;1;1;1;1
Carangidae;Caranx;melampygus;Bluefin Trevally;1;1;1;1
Carangidae;Caranx;sexfasciatus;Bigeye Trevally;1;1;1;1
Carangidae;Craterognathus;plagiotaenia;Barcheek Trevally;1;0;0;1
Carangidae;Decapterus;macarellus;Mackerel Scad;1;0;0;1
Carangidae;Decapterus;macrosoma;Slender Scad;1;1;1;1
Carangidae;Elagatis;bipinnulata;Rainbow Runner;1;1;1;1
Carangidae;Ferdauia;ferdau;Barred Trevally;1;1;1;1
Carangidae;Flavocaranx;bajad;Orange-Spotted Trevally;1;1;1;1
Carangidae;Gnathanodon;speciosus;Golden Trevally Pilot Fish;1;1;1;1
Carangidae;Naucrates;ductor;Pilotfish;1;0;0;1
Carangidae;Scomberoides;lysan;Double Spotted Squeenfish;1;1;1;1
Carangidae;Selar;boops;Oxeye scad;1;0;0;1
Carangidae;Selar;crumenophthalmus;Bigeye Scad;1;1;1;1
Carangidae;Selaroides;leptolepis;Yellowstripe Scad;1;0;0;1
Carangidae;Seriolina;nigrofasciata;Blackbanded Jack;1;1;1;1
Carangidae;Trachinotus;baillonii;Small-Spotted Dart;1;0;0;1
Carangidae;Trachinotus;blochii;Snubnose Pompano;0;1;0;1
Carangidae;Turrum;coeruleopinnatum;Onion Trevally;1;0;0;1
Carangidae;Turrum;fulvoguttatum;Yellow-Spotted Trevally;1;1;1;1
Carangidae;Turrum;gymnostethus;Bludger;0;1;0;1
Carcharhinidae;Carcharhinus;melanopterus;Blacktip Reef Shark;1;1;1;1
Carcharhinidae;Carcharias;taurus;Sand Tiger Grey Nurse;1;0;0;1
Carcharhinidae;Prionace;glauca;Blue Shark;1;0;0;1
Carcharhinidae;Triaenodon;obesus;Whitetip Reef Shark;1;1;1;1
Centriscidae;Aeoliscus;punctulatus;Speckled Shrimpfish;0;1;0;1
Centriscidae;Aeoliscus;strigatus;Hinged Shrimpfish;1;0;0;1
Centriscidae;Centriscus;scutatus;Rigid Shrimpfish;1;0;0;1
Centriscidae;Snipefishes;and;NA;1;0;0;1
Chaetodontidae;Chaetodon;adiergastos;Panda Butterflyfish;1;0;0;1
Chaetodontidae;Chaetodon;auriga;Threadfin Butterflyfish;1;1;1;1
Chaetodontidae;Chaetodon;austriacus;Exquisite Butterflyfish;1;1;1;1
Chaetodontidae;Chaetodon;baronessa;Eastern Triangular Butterflyfish;1;0;0;1
Chaetodontidae;Chaetodon;bennetti;Eclipse Butterflyfish;1;0;0;1
Chaetodontidae;Chaetodon;citrinellus;Speckled Butterflyfish;1;0;0;1
Chaetodontidae;Chaetodon;ephippium;Saddled Butterflyfish;1;0;0;1
Chaetodontidae;Chaetodon;fasciatus;Diagonal Butterflyfish;1;1;1;1
Chaetodontidae;Chaetodon;guentheri;Yellowrimmed Butterflyfish;1;0;0;1
Chaetodontidae;Chaetodon;kleinii;Klein's Butterflyfish;1;0;0;1
Chaetodontidae;Chaetodon;larvatus;Hooded Butterflyfish;1;1;1;1
Chaetodontidae;Chaetodon;lineolatus;Lined Butterflyfish;1;1;1;1
Chaetodontidae;Chaetodon;lunula;Raccoon Butterflyfish;1;0;0;1
Chaetodontidae;Chaetodon;lunulatus;Redfin Butterflyfish;1;0;0;1
Chaetodontidae;Chaetodon;melannotus;Black-Backed Butterflyfish;1;1;1;1
Chaetodontidae;Chaetodon;mesoleucos;Whiteface Butterflyfish;1;1;1;1
Chaetodontidae;Chaetodon;meyeri;Meyer's Butterflyfish;1;0;0;1
Chaetodontidae;Chaetodon;ocellicaudus;Spot-Tail Butterflyfish;1;0;0;1
Chaetodontidae;Chaetodon;octofasciatus;Eight-Banded Butterflyfish;1;0;0;1
Chaetodontidae;Chaetodon;ornatissimus;Ornate Butterflyfish;1;0;0;1
Chaetodontidae;Chaetodon;paucifasciatus;Crown Butterflyfish;1;1;1;1
Chaetodontidae;Chaetodon;plebeius;Blue-Spot Butterflyfish;1;0;0;1
Chaetodontidae;Chaetodon;punctatofasciatus;Spotbanded Butterflyfish;1;0;0;1
Chaetodontidae;Chaetodon;rafflesii;Latticed Butterflyfish;1;0;0;1
Chaetodontidae;Chaetodon;reticulatus;Mailed Butterflyfish;1;0;0;1
Chaetodontidae;Chaetodon;semeion;Semion Dotted Butterflyfish;1;0;0;1
Chaetodontidae;Chaetodon;semilarvatus;Bluecheek Butterflyfish;1;1;1;1
Chaetodontidae;Chaetodon;speculum;Oval-Spot Butterflyfish;1;0;0;1
Chaetodontidae;Chaetodon;trifascialis;Chevroned Butterflyfish;1;1;1;1
Chaetodontidae;Chaetodon;trifasciatus;Indian Redfin Butterflyfish;1;0;0;1
Chaetodontidae;Chaetodon;ulietensis;Double-Saddle Butterflyfish;1;0;0;1
Chaetodontidae;Chaetodon;unimaculatus;Teardrop Butterflyfish;1;0;0;1
Chaetodontidae;Chaetodon;vagabundus;Vagabond Butterflyfish;1;0;0;1
Chaetodontidae;Chaetodon;xanthurus;Pearlscale Butterflyfish;1;0;0;1
Chaetodontidae;Chelmon;rostratus;Long-Beaked Coralfish;1;0;0;1
Chaetodontidae;Coradion;altivelis;Highfin Coralfish;1;0;0;1
Chaetodontidae;Coradion;chrysozonus;Orange-Banded Coralfish;1;0;0;1
Chaetodontidae;Coradion;melanopus;Two-Spot Coralfish;1;0;0;1
Chaetodontidae;Forcipiger;flavissimus;Forcepsfish;1;0;0;1
Chaetodontidae;Forcipiger;longirostris;Longnose Butterflyfish;1;0;0;1
Chaetodontidae;Hemitaurichthys;polylepis;Pyramid Butterflyfish;1;0;0;1
Chaetodontidae;Heniochus;acuminatus;Longfin Bannerfish;1;0;0;1
Chaetodontidae;Heniochus;chrysostomus;Pennant Bannerfish;1;0;0;1
Chaetodontidae;Heniochus;diphreutes;Schooling Bannerfish;1;1;1;1
Chaetodontidae;Heniochus;intermedius;Red Sea Bannerfish;1;1;1;1
Chaetodontidae;Heniochus;monoceros;Masked Bannerfish;1;0;0;1
Chaetodontidae;Heniochus;singularius;Singular Bannerfish;1;0;0;1
Chaetodontidae;Heniochus;varius;Humphead Bannerfish;1;0;0;1
Chanidae;Chanos;chanos;Milkfish;1;1;1;1
Cirrhitidae;Cirrhitichthys;aprinus;Threadfin Hawkfish;1;0;0;1
Cirrhitidae;Cirrhitichthys;falco;Dwarf Hawkfish;1;0;0;1
Cirrhitidae;Cirrhitichthys;oxycephalus;Pixy Hawkfish;1;1;1;1
Cirrhitidae;Cirrhitus;pinnulatus;Stocky Hawkfish;1;0;0;1
Cirrhitidae;Cirrhitus;spilotoceps;NA;1;0;0;1
Cirrhitidae;Cirrhitus;spilotoceps;Red Sea Stocky Hawkfish;0;1;0;1
Cirrhitidae;Cyprinocirrhites;polyactis;Lyretail Hawkfish;1;0;0;1
Cirrhitidae;Oxycirrhites;typus;Longnose Hawkfish;1;1;1;1
Cirrhitidae;Paracirrhites;arcatus;Ringeye Hawkfish;1;0;0;1
Cirrhitidae;Paracirrhites;forsteri;Freckled Hawkfish;1;1;1;1
Clupeidae;Herklotsichthys;punctatus;Spotback Herring;1;0;0;1
Clupeidae;Herklotsichthys;quadrimaculatus;Goldspot Herring;1;0;0;1
Clupeidae;Spratelloides;delicatulus;Blueback Sprat;1;0;0;1
Congridae;Ariosoma;anagoides;Bigeye Conger;1;0;0;1
Congridae;Conger;cinereus;Moustache Conger;1;1;1;1
Congridae;Gorgasia;maculata;Common Garden Eel;1;0;0;1
Congridae;Gorgasia;naeocepaea;Freckled Garden Eel;1;0;0;1
Congridae;Gorgasia;preclara;Orange-Barred Garden Eel;1;0;0;1
Congridae;Gorgasia;sillneri;Red Sea Garden Eel;1;1;1;1
Congridae;Heteroconger;hassi;Spotted Garden Eel;1;0;0;1
Congridae;Heteroconger;perissodon;Manytooth Garden Eel;1;0;0;1
Congridae;Heteroconger;taylori;Taylors Garden Eel;1;0;0;1
Cynoglossidae;Cynoglossus;quadrimaculatus;NA;0;1;0;1
Cyprinodontidae;Aphaniops;dispar;Arabian Pupfish;1;1;1;1
Dactylopteridae;Dactyloptena;orientalis;Flying Gurnard;1;0;0;1
Dasyatidae;Bathytoshia;lata;Black Stingray;1;0;0;1
Dasyatidae;Neotrygon;kuhlii;Bluespotted Maskray;1;0;0;1
Dasyatidae;Pastinachus;sephen;Fantail Stingray;1;1;1;1
Dasyatidae;Taeniura;lymma;Blue-Spotted Ribbontail Ray;1;1;1;1
Dasyatidae;Taeniura;meyeni;NA;1;0;0;1
Dasyatidae;Taeniurops;meyeni;Blotched Fantail Ray;0;1;0;1
Dasyatidae;Urogymnus;granulatus;Mangrove Whipray;1;1;1;1
Diodontidae;Chilomycterus;reticulatus;Spotted Burrfish;1;0;0;1
Diodontidae;Cyclichthys;orbicularis;Orbicular Burrfish;1;0;0;1
Diodontidae;Cyclichthys;spilostylus;Yellowspotted Burrfish;1;1;1;1
Diodontidae;Diodon;holocanthus;Balloonfish;1;0;0;1
Diodontidae;Diodon;hystrix;Porcupinefish;1;1;1;1
Diodontidae;Diodon;liturosus;Blackblotched Porcupinefish;1;1;1;1
Dorosomatidae;Sardinella;longiceps;Indian Oil Sardine;0;1;0;1
Echeneidae;Echeneis;naucrates;Sharksucker;1;1;1;1
Ephippidae;Platax;batavianus;Batavia Batfish;1;0;0;1
Ephippidae;Platax;boersii;Golden Spadefish;1;0;0;1
Ephippidae;Platax;orbicularis;Circular Spadefish;1;1;1;1
Ephippidae;Platax;pinnatus;Pinnate Spadefish;1;0;0;1
Ephippidae;Platax;teira;Longfin Spadefish;1;1;1;1
Epinephelidae;Aethaloperca;rogaa;Redmouth Grouper;1;1;1;1
Epinephelidae;Anyperodon;leucogrammicus;Slender Grouper;1;0;0;1
Epinephelidae;Cephalopholis;argus;Peacock Grouper;1;1;1;1
Epinephelidae;Cephalopholis;boenak;Chocolate Grouper;1;0;0;1
Epinephelidae;Cephalopholis;cyanostigma;Bluespotted Grouper;1;0;0;1
Epinephelidae;Cephalopholis;hemistiktos;Yellowfin Hind;1;1;1;1
Epinephelidae;Cephalopholis;leopardus;Leopard Grouper;1;0;0;1
Epinephelidae;Cephalopholis;microprion;Freckled Grouper;1;0;0;1
Epinephelidae;Cephalopholis;miniata;Coral Hind;1;1;1;1
Epinephelidae;Cephalopholis;sexmaculata;Sixspot Grouper;1;1;1;1
Epinephelidae;Cephalopholis;spiloparaea;Strawberry Grouper;1;0;0;1
Epinephelidae;Cephalopholis;urodeta;Flagtail Grouper;1;0;0;1
Epinephelidae;Chromileptes;altivelis;Barramundi;1;0;0;1
Epinephelidae;Epinephelus;areolatus;Aerolate Grouper;1;0;0;1
Epinephelidae;Epinephelus;bilobatus;Frostback Rockcod;1;0;0;1
Epinephelidae;Epinephelus;coioides;Orange-Spotted Grouper;1;0;0;1
Epinephelidae;Epinephelus;corallicola;Coral Grouper;1;0;0;1
Epinephelidae;Epinephelus;fasciatus;Blacktip Grouper;1;1;1;1
Epinephelidae;Epinephelus;fuscoguttatus;Brown-Marbled Grouper;1;1;1;1
Epinephelidae;Epinephelus;hexagonatus;Star-Spotted Grouper;1;0;0;1
Epinephelidae;Epinephelus;lanceolatus;Giant Grouper;1;0;0;1
Epinephelidae;Epinephelus;maculatus;Highfin Grouper;1;0;0;1
Epinephelidae;Epinephelus;malabaricus;Malabar Grouper;1;0;0;1
Epinephelidae;Epinephelus;merra;Honeycomb Grouper;1;0;0;1
Epinephelidae;Epinephelus;ongus;Speckled-Fin Grouper;1;0;0;1
Epinephelidae;Epinephelus;polyphekadion;Camouflage Grouper;1;0;0;1
Epinephelidae;Epinephelus;quoyanus;Longfin Grouper;1;0;0;1
Epinephelidae;Epinephelus;stoliczkae;Epaulet Grouper;0;1;0;1
Epinephelidae;Epinephelus;summana;Summan Grouper;1;1;1;1
Epinephelidae;Epinephelus;tauvina;Greasy Grouper;1;1;1;1
Epinephelidae;Gracila;albomarginata;Masked Grouper;1;0;0;1
Epinephelidae;Plectropomus;areolatus;Square-Tailed Coral Grouper;1;0;0;1
Epinephelidae;Plectropomus;laevis;Blacksaddle Coral Grouper;1;0;0;1
Epinephelidae;Plectropomus;leopardus;Leopard Coral Grouper;1;0;0;1
Epinephelidae;Plectropomus;maculatus;Spotted Coral Grouper;1;0;0;1
Epinephelidae;Plectropomus;marisrubri;Red Sea Roving Coral Grouper;1;1;1;1
Epinephelidae;Plectropomus;oligacanthus;Highfin Coral Grouper;1;0;0;1
Epinephelidae;Plectropomus;pessuliferus;Roving Coral Grouper;1;0;0;1
Epinephelidae;Variola;albimarginata;White-Edged Lyretail;1;0;0;1
Epinephelidae;Variola;louti;Yellow-Edged Lyretail;1;1;1;1
Fistulariidae;Fistularia;commersonii;Bluespotted Cornetfish;1;1;1;1
Gerreidae;Gerres;filamentosus;Whipfin Silverbiddy;1;0;0;1
Gerreidae;Gerres;longirostris;Smallscale Silverbiddy;1;1;1;1
Gerreidae;Gerres;oblongus;Slender Silverbiddy;1;0;0;1
Gerreidae;Gerres;oyena;Blacktip Silverbiddy;1;1;1;1
Gobiesocidae;Diademichthys;lineatus;Urchin Clingfish;1;0;0;1
Gobiesocidae;Discotrema;monogrammum;Oneline Clingfish;1;0;0;1
Gobiidae;Acentrogobius;cenderawasih;Cendarawasih Goby;1;0;0;1
Gobiidae;Amblyeleotris;arcupinna;Arcfin Shrimpgoby;1;0;0;1
Gobiidae;Amblyeleotris;diagonalis;Slantbar Shrimpgoby;1;0;0;1
Gobiidae;Amblyeleotris;fasciata;Variable Shrimpgoby Not Fasciatus;1;0;0;1
Gobiidae;Amblyeleotris;fontanesii;Giant Shrimpgoby;1;0;0;1
Gobiidae;Amblyeleotris;guttata;Spotted Shrimpgoby;1;0;0;1
Gobiidae;Amblyeleotris;gymnocephala;Nakedhead Shrimpgoby;1;0;0;1
Gobiidae;Amblyeleotris;latifasciata;Wide-Barred Shrimpgoby;1;0;0;1
Gobiidae;Amblyeleotris;masuii;Masui's Shrimpgoby;1;0;0;1
Gobiidae;Amblyeleotris;ogasawarensis;Redspotted Shrimpgoby;1;0;0;1
Gobiidae;Amblyeleotris;periophthalma;NA;1;0;0;1
Gobiidae;Amblyeleotris;randalli;Randalls Shrimpgoby;1;0;0;1
Gobiidae;Amblyeleotris;rubrimarginata;Red-Margin Shrimpgoby;1;0;0;1
Gobiidae;Amblyeleotris;species2;NA;1;0;0;1
Gobiidae;Amblyeleotris;steinitzi;Steinitz' Shrimpgoby;1;1;1;1
Gobiidae;Amblyeleotris;sungami;Magnus's Shrimpgoby;1;1;1;1
Gobiidae;Amblyeleotris;wheeleri;Barred Shrimpgoby;1;1;1;1
Gobiidae;Amblyeleotris;yanoi;Flagtail Shrimpgoby;1;0;0;1
Gobiidae;Amblygobius;albimaculatus;Tailspot Goby;1;1;1;1
Gobiidae;Amblygobius;calvatus;Baldhead Siltgoby;1;0;0;1
Gobiidae;Amblygobius;decussatus;Crosshatch Goby;1;0;0;1
Gobiidae;Amblygobius;esakiae;Snoutspot Goby;1;0;0;1
Gobiidae;Amblygobius;nocturnus;Orange-Striped Goby;1;1;1;1
Gobiidae;Amblygobius;phalaena;Whitebarred Goby;1;0;0;1
Gobiidae;Amblygobius;semicinctus;Halfbanded Goby;1;0;0;1
Gobiidae;Amblygobius;sphynx;Sphynx Goby;1;0;0;1
Gobiidae;Arcygobius;baliurus;NA;1;0;0;1
Gobiidae;Asterropteryx;bipunctata;Twinspot Goby;1;0;0;1
Gobiidae;Asterropteryx;ensifera;Bluedot Goby;1;0;0;1
Gobiidae;Asterropteryx;ovata;Oval-Spot Goby;1;0;0;1
Gobiidae;Asterropteryx;semipunctata;Starry Goby;1;1;1;1
Gobiidae;Asterropteryx;striata;Striped Goby;1;0;0;1
Gobiidae;Bathygobius;cyclopterus;Spotted Frillgoby;0;1;0;1
Gobiidae;Bathygobius;mero;Sponge Frillgoby;1;0;0;1
Gobiidae;Bryaninops;amplus;Large Whip Goby;1;0;0;1
Gobiidae;Bryaninops;discus;NA;0;1;0;1
Gobiidae;Bryaninops;erythrops;Erythrops Goby;0;1;0;1
Gobiidae;Bryaninops;loki;Loki Whip Goby;1;0;0;1
Gobiidae;Bryaninops;natans;Redeye Goby;1;1;1;1
Gobiidae;Bryaninops;ridens;Ridens Goby;1;1;1;1
Gobiidae;Bryaninops;spongicolus;Sponge Goby;1;1;1;1
Gobiidae;Bryaninops;tigris;Blackcoral Whipgoby;1;0;0;1
Gobiidae;Bryaninops;yongei;Wire Coral Goby;1;1;1;1
Gobiidae;Coryogalops;anomolus;Anomolous Goby;0;1;0;1
Gobiidae;Cryptocentrus;albidorsus;Whiteback Shrimpgoby;1;0;0;1
Gobiidae;Cryptocentrus;caeruleomaculatus;Blue-Speckled Shrimpgoby;1;0;0;1
Gobiidae;Cryptocentrus;caeruleopunctatus;Harlequin Shrimpgoby;1;1;1;1
Gobiidae;Cryptocentrus;cinctus;Banded Shrimpgoby;1;0;0;1
Gobiidae;Cryptocentrus;cryptocentrus;Ninebar Shrimpgoby;1;1;1;1
Gobiidae;Cryptocentrus;cyanospilotus;Black Shrimpgoby;1;0;0;1
Gobiidae;Cryptocentrus;fasciatus;Barred Shrimpgoby;1;0;0;1
Gobiidae;Cryptocentrus;inexplicatus;Inexplicable Goby;1;0;0;1
Gobiidae;Cryptocentrus;leptocephalus;Pink-Spotted Shrimpgoby;1;0;0;1
Gobiidae;Cryptocentrus;leucostictus;Saddled Shrimpgoby;1;0;0;1
Gobiidae;Cryptocentrus;lutheri;Luther's Prawn-Goby;1;1;1;1
Gobiidae;Cryptocentrus;maudae;Maudes Shrimpgoby Ok;1;0;0;1
Gobiidae;Cryptocentrus;sericus;Ventral-Barred Shrimpgoby;1;0;0;1
Gobiidae;Cryptocentrus;strigilliceps;Target Shrimpgoby;1;0;0;1
Gobiidae;Ctenogobiops;aurocingulus;Gold-Streaked Shrimpgoby;1;0;0;1
Gobiidae;Ctenogobiops;crocineus;Silverstreak Shrimpgoby;1;1;1;1
Gobiidae;Ctenogobiops;feroculus;Fierce Shrimpgoby;1;1;1;1
Gobiidae;Ctenogobiops;maculosus;Silverspot Shrimpgoby;1;1;1;1
Gobiidae;Ctenogobiops;mitodes;Thread Shrimpgoby;1;0;0;1
Gobiidae;Ctenogobiops;pomastictus;Gold-Speckled Shrimpgoby;1;1;1;1
Gobiidae;Ctenogobiops;tangaroai;Tangaroa Shrimpgoby;1;0;0;1
Gobiidae;Eviota;ancora;Hookcheek Eviota;1;0;0;1
Gobiidae;Eviota;atriventris;Neon Eviota;1;0;0;1
Gobiidae;Eviota;bifasciata;Twostripe Eviota;1;0;0;1
Gobiidae;Eviota;cometa;Comet Eviota;1;0;0;1
Gobiidae;Eviota;distigma;Twospot Eviota;0;1;0;1
Gobiidae;Eviota;fallax;Twin Eviota;1;0;0;1
Gobiidae;Eviota;fangi;NA;1;0;0;1
Gobiidae;Eviota;geminata;Geminate Dwarfgoby;0;1;0;1
Gobiidae;Eviota;guttata;Spotted Eviota;1;1;1;1
Gobiidae;Eviota;latifasciata;Brown-Banded Eviota;1;0;0;1
Gobiidae;Eviota;marerubrum;Red Sea Eviota;1;1;1;1
Gobiidae;Eviota;melasma;Headspot Eviota;1;0;0;1
Gobiidae;Eviota;nigriventris;Blackbelly Eviota;1;0;0;1
Gobiidae;Eviota;oculopiperita;Pepperminteye Eviota;1;1;1;1
Gobiidae;Eviota;pictifacies;Paintedface Eviota;1;0;0;1
Gobiidae;Eviota;prasina;Rubble Eviota;1;1;1;1
Gobiidae;Eviota;prasites;Red-And-Whitespotted Eviota;1;1;1;1
Gobiidae;Eviota;punyit;Punyit Eviota;1;1;1;1
Gobiidae;Eviota;queenslandica;Queensland Eviota;1;0;0;1
Gobiidae;Eviota;rubrisparsa;Redspeckled Eviota;1;0;0;1
Gobiidae;Eviota;sebreei;Striped Eviota;1;0;0;1
Gobiidae;Eviota;shimadai;Shimada's Eviota;1;0;0;1
Gobiidae;Eviota;sigillata;Sign Eviota;1;0;0;1
Gobiidae;Eviota;storthynx;Rosy Eviota;1;0;0;1
Gobiidae;Eviota;teresae;Teresa's Eviota;1;0;0;1
Gobiidae;Eviota;zebrina;Zebra Eviota;1;0;0;1
Gobiidae;Exyrias;akihito;Filamented Goby;1;0;0;1
Gobiidae;Exyrias;belissimus;Beautiful Goby;1;0;0;1
Gobiidae;Favonigobius;reichei;Reiche's Goby;1;0;0;1
Gobiidae;Fusigobius;duospilus;Twospot Sandgoby;1;0;0;1
Gobiidae;Fusigobius;gracilis;Slender Sandgoby;1;0;0;1
Gobiidae;Fusigobius;humeralis;Shoulderspot Goby;1;0;0;1
Gobiidae;Fusigobius;humerosus;Red Sea Shoulderspot Goby;0;1;0;1
Gobiidae;Fusigobius;inframaculatus;Innerspotted Sandgoby;1;0;0;1
Gobiidae;Fusigobius;longispinus;Orange-spotted Sandgoby;1;1;1;1
Gobiidae;Fusigobius;maximus;Large Sandgoby;1;0;0;1
Gobiidae;Fusigobius;melacron;Blacktip Sandgoby;1;0;0;1
Gobiidae;Fusigobius;neophytus;Neophyte Sandgoby;1;1;1;1
Gobiidae;Fusigobius;signipinnis;Signalfin Goby;1;0;0;1
Gobiidae;Gladiogobius;ensifer;Bandit Goby;1;0;0;1
Gobiidae;Gladiogobius;rex;King Goby;1;1;1;1
Gobiidae;Gnatholepis;anjerensis;Shoulderspot Sandgoby;1;1;1;1
Gobiidae;Gnatholepis;caudimaculata;Tailspot Sandgoby;1;1;1;1
Gobiidae;Gnatholepis;cauerensis;Shoulderspot Goby;1;0;0;1
Gobiidae;Gnatholepis;yoshinoi;Yoshino's Sandgoby;1;0;0;1
Gobiidae;Gobiodon;bilineatus;Two-lined Coralgoby;1;0;0;1
Gobiidae;Gobiodon;ceramensis;Ceram Coralgoby;1;0;0;1
Gobiidae;Gobiodon;citrinus;Lemon Goby;1;1;1;1
Gobiidae;Gobiodon;histrio;Broad-Barred Goby;0;1;0;1
Gobiidae;Gobiodon;okinawae;NA;1;0;0;1
Gobiidae;Gobiodon;prolixus;Elongate Coralgoby;1;1;1;1
Gobiidae;Gobiodon;reticulatus;Reticulate Coralgoby;0;1;0;1
Gobiidae;Grallenia;lipi;Lipi Goby;1;0;0;1
Gobiidae;Gunnellichthys;monostigma;Onespot Wormfish;0;1;0;1
Gobiidae;Hazeus;diacanthus;NA;1;0;0;1
Gobiidae;Hetereleotris;vulgaris;NA;0;1;0;1
Gobiidae;Istigobius;decoratus;Decorated Sandgoby;1;1;1;1
Gobiidae;Istigobius;diadema;Spectacled Sandgoby;1;0;0;1
Gobiidae;Istigobius;goldmanni;Goldmann's Sandgoby;1;0;0;1
Gobiidae;Istigobius;nigroocellatus;Black-Spotted Sandgoby;1;0;0;1
Gobiidae;Istigobius;ornatus;Ornate Sandgoby;1;1;1;1
Gobiidae;Istigobius;perspicillatus;NA;1;0;0;1
Gobiidae;Istigobius;rigilius;Orangespotted Sandgoby;1;0;0;1
Gobiidae;Istigobius;spence;Reticulate Sandgoby;1;1;1;1
Gobiidae;Koumansetta;hoesei;Yellowstripe Goby;1;1;1;1
Gobiidae;Koumansetta;rainfordi;Old Glory;1;0;0;1
Gobiidae;Lotilia;graciliosa;Red Sea Whitecap Shrimpgoby;1;1;1;1
Gobiidae;Lotilia;klausewitzi;Pacific Whitecap Shrimpgoby;1;0;0;1
Gobiidae;Lubricogobius;exiguus;Yellow Pygmy Goby;1;0;1;1
Gobiidae;Luposicya;lupus;Wolfsnout Goby;1;0;0;1
Gobiidae;Macrodontogobius;wilburi;Wilbur's Goby;0;1;0;1
Gobiidae;Mahidolia;mystacina;Smiling Goby;1;0;0;1
Gobiidae;Oplopomops;diacanthus;Twospine Sandgoby;1;0;0;1
Gobiidae;Oplopomus;caninoides;Shy Lagoongoby;1;1;1;1
Gobiidae;Oplopomus;oplopomus;Pretty Lagoongoby;1;1;1;1
Gobiidae;Paragobiodon;melanosoma;Black Coralgoby;1;0;0;1
Gobiidae;Paragobiodon;xanthosoma;Emerald Coralgoby;1;0;0;1
Gobiidae;Periophthalmus;argentilineatus;Barred Mudskipper;1;0;0;1
Gobiidae;Periophthalmus;kalolo;Common Mudskipper;1;0;0;1
Gobiidae;Phyllogobius;platycephalops;Flathead Goby;1;0;0;1
Gobiidae;Pleurosicya;boldinghi;Boldinghs Ghostgoby;1;0;0;1
Gobiidae;Pleurosicya;elongata;Elongate Ghostgoby;1;0;0;1
Gobiidae;Pleurosicya;micheli;Stony Coral Ghostgoby;1;0;0;1
Gobiidae;Pleurosicya;mossambica;Common Ghostgoby;1;1;1;1
Gobiidae;Pleurosicya;plicata;Folded Ghostgoby;1;0;0;1
Gobiidae;Pleurosicya;ridens (inexistent?);;0;1;0;1
Gobiidae;Pleurosicya;sinaia;Sinai Ghostgoby;0;1;0;1
Gobiidae;Priolepis;cincta;Girdled Reefgoby;0;1;0;1
Gobiidae;Priolepis;cincta;NA;1;0;0;1
Gobiidae;Priolepis;inhaca;Network Reefgoby;1;0;0;1
Gobiidae;Priolepis;nuchifasciata;Orange Coral-Goby;1;0;0;1
Gobiidae;Psilogobius;prolatus;Longjaw Shrimpgoby;1;0;0;1
Gobiidae;Psilogobius;randalli;Randalls Shrimpgoby;1;1;1;1
Gobiidae;Ptereleotris;evides;Blackfin Dartfish;0;1;0;1
Gobiidae;Ptereleotris;heteroptera;Blacktail Dartfish;0;1;0;1
Gobiidae;Ptereleotris;microlepis;Pearly Dartfish;0;1;0;1
Gobiidae;Signigobius;biocellatus;Signal Goby;1;0;0;1
Gobiidae;Stonogobiops;nematodes;Black-Rayed Shrimpgoby;1;0;0;1
Gobiidae;Stonogobiops;xanthorhinicus;Yellownose Shrimpgoby Not Rhinica;1;0;0;1
Gobiidae;Tomiyamichthys;alleni;Highfin Shrimpgoby;1;0;0;1
Gobiidae;Tomiyamichthys;emilyae;Emily's Shrimpgoby;1;0;0;1
Gobiidae;Tomiyamichthys;lanceolatus;Lanceolate Shrimpgoby;1;0;0;1
Gobiidae;Tomiyamichthys;latruncularius;Yellowfin Shrimpgoby;1;0;0;1
Gobiidae;Tomiyamichthys;nudus;Naked Shrimpgoby;1;0;0;1
Gobiidae;Tomiyamichthys;oni;Monster Shrimpgoby;1;0;0;1
Gobiidae;Tomiyamichthys;russus;Blacktip Shrimp Goby;1;0;0;1
Gobiidae;Tomiyamichthys;tanyspilus;Longspot Shrimpgoby;1;0;0;1
Gobiidae;Trimma;anaima;Pale Trimma;1;1;1;1
Gobiidae;Trimma;avidori;Avidors Trimma;1;1;1;1
Gobiidae;Trimma;barralli;Barrall's Trimma;1;1;1;1
Gobiidae;Trimma;benjamini;Ringeye Trimma;1;0;0;1
Gobiidae;Trimma;cana;Candycane Trimma;1;0;0;1
Gobiidae;Trimma;caudomaculatum;NA;1;0;0;1
Gobiidae;Trimma;flavicaudatum;Yellow-Tailed Trimma;1;1;1;1
Gobiidae;Trimma;hoesei;Hoese’s Trimma;1;0;0;1
Gobiidae;Trimma;lantana;Lantana Trimma;1;0;0;1
Gobiidae;Trimma;macrophthalmus;Large-Eye Trimma;1;0;0;1
Gobiidae;Trimma;mendelssohni;Mendelssohn's Trimma;0;1;0;1
Gobiidae;Trimma;nasa;Nasal Trimma;1;0;0;1
Gobiidae;Trimma;randalli;Randall's Pygmygoby;0;1;0;1
Gobiidae;Trimma;striatum;Redlined Trimma;1;0;0;1
Gobiidae;Trimma;taylori;Yellow Trimma;1;1;1;1
Gobiidae;Trimma;tevegae;Bluestripe Trimma;1;0;0;1
Gobiidae;Trimma;yanoi;Pudgy Trimma;1;0;0;1
Gobiidae;Valenciennea;alleni;Allen's Glidergoby;1;0;0;1
Gobiidae;Valenciennea;bella;Yellow-Filament Glidergoby;1;0;0;1
Gobiidae;Valenciennea;helsdingenii;Twostripe Glidergoby;1;0;0;1
Gobiidae;Valenciennea;muralis;Mural Glidergoby;1;0;0;1
Gobiidae;Valenciennea;parva;Ladder Glidergoby;1;0;0;1
Gobiidae;Valenciennea;puellaris;Orange-Dashed Glidergoby;1;1;1;1
Gobiidae;Valenciennea;sexguttata;Six-Spot Glidergoby;1;1;1;1
Gobiidae;Valenciennea;strigata;Bluestreak Glidergoby;1;0;0;1
Gobiidae;Valenciennea;wardii;Ward's Glidergoby;1;0;0;1
Gobiidae;Vanderhorstia;ambanoro;Ambanoro Shrimpgoby;1;1;1;1
Gobiidae;Vanderhorstia;auronotata;Gold-marked shrimpgoby;1;0;0;1
Gobiidae;Vanderhorstia;cyanolineata;Blue-lined Shrimpgoby;1;0;0;1
Gobiidae;Vanderhorstia;delagoae;Candystick Goby;1;1;1;1
Gobiidae;Vanderhorstia;dorsomacula;Dorsalspot Shrimpgoby;1;0;0;1
Gobiidae;Vanderhorstia;mertensi;Slender Shrimpgoby;0;1;0;1
Gobiidae;Vanderhorstia;nobilis;Majestic Shrimphoby;1;0;0;1
Gobiidae;Vanderhorstia;ornatissima;Ornate Shrimpgoby;1;1;1;1
Gobiidae;Vanderhorstia;papilio;Butterfly Shrimpgoby;1;0;0;1
Gobiidae;Vanderhorstia;phaeosticta;Yellowfoot Shrimpgoby;1;0;0;1
Gobiidae;Yongeichthys;suluensis;Sulu Goby;1;0;0;1
Grammistidae;Grammistes;sexlineatus;Sixstriped Soapfish;1;1;1;1
Haemulidae;Diagramma;labiosum;Grey Sweetlips;0;1;0;1
Haemulidae;Diagramma;melanacrum;Blackfin Sweetlips;1;0;0;1
Haemulidae;Diagramma;pictum;Silver Sweetlips;1;1;1;1
Haemulidae;Plectorhinchus;albovittatus;Giant Sweetlips;1;1;1;1
Haemulidae;Plectorhinchus;chaetodonoides;Harlequin Sweetlips;1;0;0;1
Haemulidae;Plectorhinchus;flavomaculatus;Goldspotted Sweetlips;1;0;0;1
Haemulidae;Plectorhinchus;gaterinus;Blackspotted Sweetlips;1;1;1;1
Haemulidae;Plectorhinchus;gibbosus;Blubberlip;1;0;0;1
Haemulidae;Plectorhinchus;lessonii;Striped Sweetlips;1;0;0;1
Haemulidae;Plectorhinchus;lineatus;Diagonal-Banded Sweetlips;1;0;0;1
Haemulidae;Plectorhinchus;picus;Spotted Sweetlips;1;0;0;1
Haemulidae;Plectorhinchus;polytaenia;Ribbon Sweetlips;1;0;0;1
Haemulidae;Plectorhinchus;schotaf;Minstrel Sweetlips;0;1;0;1
Haemulidae;Plectorhinchus;vittatus;Oriental Sweetlips;1;0;0;1
Hemigaleidae;Hemipristis;elongata;Snaggletooth Shark;1;0;0;1
Hemiramphidae;Hemiramphus;far;Black-barred Halfbeak;1;1;1;1
Hemiramphidae;Hyporhamphus;affinis;Tropical Halfbeak;1;1;1;1
Hemiramphidae;Hyporhamphus;dussumieri;Dussumier's Halfbeak;1;0;0;1
Hemiramphidae;Hyporhamphus;gamberur;Red Sea Halfbeak;1;1;1;1
Hemiramphidae;Zenarchopterus;dispar;Estuarine Halfbeak;1;0;0;1
Hemiramphidae;Zenarchopterus;gilli;Shortnose River Halfbeak;1;0;0;1
Hemiscyllidae;Hemiscyllium;machaeli;NA;1;0;0;1
Holocentridae;Myripristis;adusta;Shadowfin Soldierfish;1;0;0;1
Holocentridae;Myripristis;amaena;Brick Soldierfish;1;0;0;1
Holocentridae;Myripristis;berndti;Bigscale Soldierfish;1;0;0;1
Holocentridae;Myripristis;botche;Splendid Soldierfish;1;0;0;1
Holocentridae;Myripristis;hexagona;Doubletooth Soldierfish;1;0;0;1
Holocentridae;Myripristis;kuntee;Epaulette Soldierfish;1;0;0;1
Holocentridae;Myripristis;murdjan;Blotcheye Soldierfish;1;1;1;1
Holocentridae;Myripristis;pralinia;Scarlet Soldierfish;1;0;0;1
Holocentridae;Myripristis;violacea;Violet Soldierfish;1;0;0;1
Holocentridae;Myripristis;vittata;Whitetip Soldierfish;1;0;0;1
Holocentridae;Myripristis;xanthacra;Yellowtip Soldierfish;0;1;0;1
Holocentridae;Neoniphon;argenteus;Clearfin Squirrelfish;1;0;0;1
Holocentridae;Neoniphon;aurolineatus;Goldlined Squirrelfish;1;0;0;1
Holocentridae;Neoniphon;opercularis;Blackfin Squirrelfish;1;0;0;1
Holocentridae;Neoniphon;sammara;Spotfin Squirrelfish;1;1;1;1
Holocentridae;Sargocentron;caudimaculatum;Tailspot Squirrelfish;1;1;1;1
Holocentridae;Sargocentron;cornutum;Three-Spot Squirrelfish;1;0;0;1
Holocentridae;Sargocentron;diadema;Crown Squirrelfish;1;1;1;1
Holocentridae;Sargocentron;ittodai;Samurai Squirrelfish;1;0;0;1
Holocentridae;Sargocentron;melanospilos;Blackspot Squirrelfish;1;0;0;1
Holocentridae;Sargocentron;praslin;Darkstriped Squirrelfish;1;0;0;1
Holocentridae;Sargocentron;rubrum;Redcoat Squirrelfish;1;0;0;1
Holocentridae;Sargocentron;spiniferum;Sabre Squirrelfish;1;1;1;1
Kyphosidae;Kyphosus;bigibbus;Gray Drummer;1;1;1;1
Kyphosidae;Kyphosus;cinerascens;Topsail Drummer;1;1;1;1
Kyphosidae;Kyphosus;vaigiensis;Brassy Drummer;1;1;1;1
Labridae;Ammolabrus;dicrus;Sand Wrasse;1;0;0;1
Labridae;Anampses;caeruleopunctatus;Bluespotted Wrasse;1;1;1;1
Labridae;Anampses;geographicus;Geographic Wrasse;1;0;0;1
Labridae;Anampses;lineatus;Lined Wrasse;1;1;1;1
Labridae;Anampses;melanurus;White-Spotted Wrasse;1;0;0;1
Labridae;Anampses;meleagrides;Yellowtail Wrasse;1;1;1;1
Labridae;Anampses;twistii;Yellowbreasted Wrasse;1;1;1;1
Labridae;Bodianus;anthioides;Lyretail Hogfish;1;1;1;1
Labridae;Bodianus;axillaris;Axilspot Hogfish;1;1;1;1
Labridae;Bodianus;bilunulatus;Saddleback Hogfish;1;0;0;1
Labridae;Bodianus;diana;Diana's Hogfish;1;1;1;1
Labridae;Bodianus;dictynna;Redfin Hogfish;1;0;0;1
Labridae;Bodianus;mesothorax;Blackbelt Hogfish;1;0;0;1
Labridae;Cheilinus;abudjubbe;Abudjubbe Wrasse;1;1;1;1
Labridae;Cheilinus;chlorourus;Floral Wrasse;1;0;0;1
Labridae;Cheilinus;fasciatus;Redbreasted Wrasse;1;0;0;1
Labridae;Cheilinus;lunulatus;Broomtail Wrasse;1;1;1;1
Labridae;Cheilinus;oxycephalus;Snooty Wrasse;1;0;0;1
Labridae;Cheilinus;quinquecinctus;Whitebarred Wrasse;1;1;1;1
Labridae;Cheilinus;trilobatus;Tripletail Wrasse;1;0;0;1
Labridae;Cheilinus;undulatus;Humphead-Napoleon Wrasse;1;1;1;1
Labridae;Cheilio;inermis;Cigar Wrasse;1;1;1;1
Labridae;Choerodon;anchorago;Anchor Tuskfish;1;0;0;1
Labridae;Choerodon;schoenleinii;Blackspot Tuskfish;1;0;0;1
Labridae;Choerodon;typus;NA;1;0;0;1
Labridae;Choerodon;zosterophorus;Blackblotch Tuskfish;1;0;0;1
Labridae;Cirrhilabrus;cyanopleura;Bluesided Wrasse;1;0;0;1
Labridae;Cirrhilabrus;exquisitus;Exquisite Wrasse;1;0;0;1
Labridae;Cirrhilabrus;lubbocki;Yellowback Wrasse;1;0;0;1
Labridae;Cirrhilabrus;rubripinnis;Redfin Wrasse;1;0;0;1
Labridae;Cirrhilabrus;rubriventralis;Longfin fairy Wrasse;1;1;1;1
Labridae;Cirrhilabrus;ryukyuensis;Ryukyu Faiy-Wrasse;1;0;0;1
Labridae;Cirrhilabrus;solorensis;Solor Wrasse;1;0;0;1
Labridae;Cirrhilabrus;tonozukai;Irian Jaya Wrasse;1;0;0;1
Labridae;Coris;aygula;Clown Coris;1;1;1;1
Labridae;Coris;batuensis;Batu Coris;1;0;0;1
Labridae;Coris;caudimacula;Spottail Coris;1;1;1;1
Labridae;Coris;cuvieri;African Wrasse;1;1;1;1
Labridae;Coris;dorsomacula;Pale-Barred Coris;1;0;0;1
Labridae;Coris;gaimard;Yellowtail Coris;1;0;0;1
Labridae;Coris;pictoides;Pixie Coris;1;0;0;1
Labridae;Coris;variegata;Dapple Coris;1;1;1;1
Labridae;Cymolutes;praetextatus;Knife Wrasse;1;0;0;1
Labridae;Cymolutes;torquatus;Razor Wrasse;1;0;0;1
Labridae;Diproctacanthus;xanthurus;Yellowtail Tubelip;1;0;0;1
Labridae;Epibulus;brevis;Latent Slingjaw Wrasse;1;0;0;1
Labridae;Epibulus;insidiator;Slingjaw Wrasse;1;1;1;1
Labridae;Gomphosus;klunzingeri;Bird Wrasse;1;1;1;1
Labridae;Gomphosus;varius;Pacific Bird Wrasse;1;0;0;1
Labridae;Halichoeres;argus;Argus Wrasse;1;0;0;1
Labridae;Halichoeres;binotopsis;Banded Rainbowfish;1;0;0;1
Labridae;Halichoeres;biocellatus;Twospot Wrasse;1;0;0;1
Labridae;Halichoeres;chloropterus;Pastel-Green Wrasse;1;0;0;1
Labridae;Halichoeres;chrysus;Canary Wrasse;1;0;0;1
Labridae;Halichoeres;erdmanni;Erdmanns Wrasse;1;0;0;1
Labridae;Halichoeres;hartzfeldii;Hartzfeld's Wrasse;1;0;0;1
Labridae;Halichoeres;hortulanus;Checkerboard Wrasse;1;1;1;1
Labridae;Halichoeres;leucurus;Chain-Lined Wrasse;1;0;0;1
Labridae;Halichoeres;margaritaceus;Weedy Surge Wrasse;1;0;0;1
Labridae;Halichoeres;marginatus;Dusky Wrasse;1;0;0;1
Labridae;Halichoeres;marginatus;Red Sea Dusky Wrasse;0;1;0;1
Labridae;Halichoeres;melanochir;Orangefin Wrasse;1;0;0;1
Labridae;Halichoeres;melanurus;Tailspot Wrasse;1;0;0;1
Labridae;Halichoeres;melasmapomus;Black-eared Wrasse;1;0;0;1
Labridae;Halichoeres;nebulosus;Cloud Wrasse;1;1;1;1
Labridae;Halichoeres;nigrescens;Bubblefin Wrasse;1;0;0;1
Labridae;Halichoeres;papilionaceus;Seagrass Wrasse;1;0;0;1
Labridae;Halichoeres;podostigma;Axilspot Wrasse;1;0;0;1
Labridae;Halichoeres;prosopeion;Twotone Wrasse;1;0;0;1
Labridae;Halichoeres;richmondi;Richmond's Wrasse;1;0;0;1
Labridae;Halichoeres;scapularis;Zigzag Wrasse;1;1;1;1
Labridae;Halichoeres;solorensis;Yellowface Wrasse;1;0;0;1
Labridae;Halichoeres;zeylonicus;Sri Lankan Wrasse Only;1;0;0;1
Labridae;Hemigymnus;fasciatus;Barred Thicklip;1;0;0;1
Labridae;Hemigymnus;melapterus;Blackeye Thicklip;1;1;1;1
Labridae;Hemigymnus;sexfasciatus;Sixbar Thicklip;1;1;1;1
Labridae;Hologymnosus;annulatus;Ring Wrasse;1;1;1;1
Labridae;Hologymnosus;doliatus;Pastel Ring Wrasse;1;0;0;1
Labridae;Hologymnosus;rhodonotus;Redback Ring Wrasse;1;0;0;1
Labridae;Iniistius;aneitensis;Whitepatch Razorfish;1;0;0;1
Labridae;Iniistius;dea;Faint-Barred Razorfish;1;0;0;1
Labridae;Iniistius;melanopus;Finspot Razorfish;1;0;0;1
Labridae;Iniistius;naevus;Blemished Razorfish;1;1;1;1
Labridae;Iniistius;pavo;Peacock Razorfish;1;1;1;1
Labridae;Iniistius;pentadactylus;Fivefinger Razorfish;1;0;0;1
Labridae;Labrichthys;unilineatus;Tubelip Wrasse;1;0;0;1
Labridae;Labroides;bicolor;Bicolor Cleaner Wrasse;1;0;0;1
Labridae;Labroides;dimidiatus;Cleaner Wrasse;1;1;1;1
Labridae;Labroides;pectoralis;Breastspot Cleaner Wrasse;1;0;0;1
Labridae;Labropsis;alleni;Allens Tubelip;1;0;0;1
Labridae;Labropsis;manabei;Northern Tubelip;1;0;0;1
Labridae;Larabicus;quadrilineatus;"Fourline Wrasse, Arabian Cleaner";1;1;1;1
Labridae;Macropharyngodon;bipartitus;Rare Wrasse;1;0;0;1
Labridae;Macropharyngodon;marisrubri;Vermiculate Wrasse;1;1;1;1
Labridae;Macropharyngodon;meleagris;Leopard Wrasse;1;0;0;1
Labridae;Macropharyngodon;negrosensis;Black Leopard Wrasse;1;0;0;1
Labridae;Macropharyngodon;ornatus;Ornate Leopard Wrasse;1;0;0;1
Labridae;Novaculichthys;taeniourus;Rockmover Wrasse;1;1;1;1
Labridae;Novaculops;halsteadi;Halstead's Wrasse;1;0;0;1
Labridae;Oxycheilinus;bimaculatus;Doublespot Wrasse;1;0;0;1
Labridae;Oxycheilinus;celebicus;Celebes Wrasse;1;0;0;1
Labridae;Oxycheilinus;digramma;Linecheeked Wrasse;1;1;1;1
Labridae;Oxycheilinus;mentalis;Mental Wrasse;1;1;1;1
Labridae;Oxycheilinus;orientalis;Slender Wrasse;1;0;0;1
Labridae;Oxycheilinus;unifasciatus;Ringtail Wrasse;1;0;0;1
Labridae;Paracheilinus;cyaneus;Blue Flasher Wrasse;1;0;0;1
Labridae;Paracheilinus;filamentosus;Filamented Flasher;1;0;0;1
Labridae;Paracheilinus;octotaenia;Red Sea Eightline Flasher;1;1;1;1
Labridae;Paracheilinus;paineorum;Paine's Flasher Wrasse;1;0;0;1
Labridae;Pseudocheilinops;ataenia;Midget Wrasse;1;0;0;1
Labridae;Pseudocheilinus;evanidus;Disappearing Wrasse;1;1;1;1
Labridae;Pseudocheilinus;hexataenia;Eight-Lined Wrasse;1;1;1;1
Labridae;Pseudocheilinus;octotaenia;Eightstripe Wrasse;1;0;0;1
Labridae;Pseudocoris;bleekeri;Philippines Wrasse;1;0;0;1
Labridae;Pseudocoris;heteroptera;Zebra Wrasse;1;0;0;1
Labridae;Pseudocoris;yamashiroi;Yamashiros Wrasse;1;0;0;1
Labridae;Pseudodax;moluccanus;Chiseltooth Wrasse;1;1;1;1
Labridae;Pteragogus;cryptus;Cryptic Wrasse;1;0;0;1
Labridae;Pteragogus;enneacanthus;Cockerel Wrasse;1;0;0;1
Labridae;Pteragogus;guttatus;Sneaky Wrasse;1;0;0;1
Labridae;Pteragogus;trispilus;Triplespot Wrasse;1;1;1;1
Labridae;Stethojulis;albovittata;Bluelined Wrasse;1;1;1;1
Labridae;Stethojulis;bandanensis;Redshoulder Wrasse;1;0;0;1
Labridae;Stethojulis;interrupta;Cutribbon Wrasse;1;1;1;1
Labridae;Stethojulis;trilineata;Three-Lined Wrasse;1;0;0;1
Labridae;Thalassoma;amblycephalum;Bluntheaded Wrasse;1;0;0;1
Labridae;Thalassoma;hardwicke;Sixbar Wrasse;1;0;0;1
Labridae;Thalassoma;jansenii;Jansen's Wrasse;1;0;0;1
Labridae;Thalassoma;lunare;Crescent Wrasse;1;1;1;1
Labridae;Thalassoma;nigrofasciatum;Blackbarred Wrasse;1;0;0;1
Labridae;Thalassoma;purpureum;Surge Wrasse;1;1;1;1
Labridae;Thalassoma;quinquevittatum;Fivestripe Wrasse;1;0;0;1
Labridae;Thalassoma;rueppellii;Klunzinger's Wrasse;1;1;1;1
Labridae;Wetmorella;bifasciata;NA;1;0;0;1
Labridae;Wetmorella;bifasciata;Western Sharpnose Wrasse;0;1;0;1
Labridae-Sc;Bolbometopon;muricatum;Bumphead Parrotfish;1;0;0;1
Labridae-Sc;Calotomus;carolinus;Star-eye Parrotfish;1;0;0;1
Labridae-Sc;Calotomus;viridescens;Viridescent Parrotfish;1;1;1;1
Labridae-Sc;Cetoscarus;bicolor;Bicolor Parrotfish;1;1;1;1
Labridae-Sc;Cetoscarus;ocellatus;Spotted Parrotfish;1;0;0;1
Labridae-Sc;Chlorurus;bleekeri;Bleeker's Parrotfish;1;0;0;1
Labridae-Sc;Chlorurus;capistratoides;Indian Parrotfish;1;0;0;1
Labridae-Sc;Chlorurus;genazonatus;Purplestreak Parrotfish;1;1;1;1
Labridae-Sc;Chlorurus;gibbus;Heavybeak Parrotfish;1;0;0;1
Labridae-Sc;Chlorurus;gibbus;Steephead Parrotfish;0;1;0;1
Labridae-Sc;Chlorurus;microrhinos;Pacific Steephead Parrotfish;1;0;0;1
Labridae-Sc;Chlorurus;sordidus;Bullethead Parrotfish;1;1;1;1
Labridae-Sc;Chlorurus;spilurus;Eastern Bullethead Parrotfish;1;0;0;1
Labridae-Sc;Chlorurus;strongylocephalus;Steephead Parrotfish;1;0;0;1
Labridae-Sc;Hipposcarus;harid;Indian Ocean Longnose Parrotfish;1;1;1;1
Labridae-Sc;Scarus;chameleon;Chameleon Parrotfish;1;0;0;1
Labridae-Sc;Scarus;collana;Red Sea Parrotfish;1;1;1;1
Labridae-Sc;Scarus;dimidiatus;Yellow-Barred Parrotfish;1;0;0;1
Labridae-Sc;Scarus;ferrugineus;Rusty Parrotfish;1;1;1;1
Labridae-Sc;Scarus;festivus;Festive Parrotfish;1;0;0;1
Labridae-Sc;Scarus;flavipectoralis;Yellowfin Parrotfish;1;0;0;1
Labridae-Sc;Scarus;forsteni;Bluepatch Parrotfish - Whitepatch;1;0;0;1
Labridae-Sc;Scarus;frenatus;Bridled Parrotfish;1;1;1;1
Labridae-Sc;Scarus;fuscopurpureus;Purple-Brown Parrotfish;1;1;1;1
Labridae-Sc;Scarus;ghobban;Blue-Barred Parrotfish;1;1;1;1
Labridae-Sc;Scarus;hypselopterus;East Indies Parrotfish;1;0;0;1
Labridae-Sc;Scarus;niger;Swarthy Parrotfish;1;1;1;1
Labridae-Sc;Scarus;oviceps;Darkcap Parrotfish;1;0;0;1
Labridae-Sc;Scarus;prasiognathos;Greencheek Parrotfish;1;0;0;1
Labridae-Sc;Scarus;psittacus;Palenose Parrotfish;1;1;1;1
Labridae-Sc;Scarus;quoyi;Quoy's Parrotfish;1;0;0;1
Labridae-Sc;Scarus;rivulatus;Surf Parrotfish;1;0;0;1
Labridae-Sc;Scarus;rubroviolaceus;Redlip Parrotfish;1;0;0;1
Labridae-Sc;Scarus;scaber;Five-Saddle Parrotfish;1;0;0;1
Labridae-Sc;Scarus;schlegeli;Yellowbar Parrotfish;1;0;0;1
Labridae-Sc;Scarus;spinus;Pygmy Parrotfish;1;0;0;1
Labridae-Sc;Scarus;tricolor;Tricolor Parrotfish;1;0;0;1
Labridae-Sc;Scarus;xanthopleura;Red Parrotfish;1;0;0;1
Lethrinidae;Gnathodentex;aureolineatus;Striped Large-Eye Bream;1;0;0;1
Lethrinidae;Gymnocranius;grandoculis;Blue-Lined Large-Eye Bream;1;1;1;1
Lethrinidae;Gymnocranius;griseus;Grey Large-Eye Bream;1;0;0;1
Lethrinidae;Gymnocranius;superciliosus;Eyebrowed Large-Eye Bream;1;0;0;1
Lethrinidae;Lethrinus;amboinensis;Ambon Emperor;1;0;0;1
Lethrinidae;Lethrinus;atkinsoni;Yellowtail Emperor;1;0;0;1
Lethrinidae;Lethrinus;borbonicus;Snubnose Emperor;1;1;1;1
Lethrinidae;Lethrinus;erythracanthus;Orangespotted Emperor;1;0;0;1
Lethrinidae;Lethrinus;erythropterus;Longfin Emperor;1;0;0;1
Lethrinidae;Lethrinus;harak;Thumbprint Emperor;1;1;1;1
Lethrinidae;Lethrinus;mahsena;Sky Emperor;1;1;1;1
Lethrinidae;Lethrinus;microdon;Smalltooth Emperor;1;1;1;1
Lethrinidae;Lethrinus;miniatus;Trumpet Emperor;1;0;0;1
Lethrinidae;Lethrinus;nebulosus;Spangled Emperor;1;1;1;1
Lethrinidae;Lethrinus;obsoletus;Orange-Stripe Emperor;1;1;1;1
Lethrinidae;Lethrinus;olivaceus;Longface Emperor;1;0;0;1
Lethrinidae;Lethrinus;ornatus;Ornate Emperor;1;0;0;1
Lethrinidae;Lethrinus;semicinctus;Blackblotch Emperor;1;0;0;1
Lethrinidae;Lethrinus;xanthochilus;Yellowlip Emperor;1;1;1;1
Lethrinidae;Monotaxis;grandoculis;Humpnose Bigeye Bream;1;1;1;1
Lethrinidae;Monotaxis;heterodon;Redfin Emperor;1;0;0;1
Liopropomatidae;Belonoperca;chabanaudi;Arrowhead Soapfish;1;0;0;1
Liopropomatidae;Diploprion;bifasciatum;Barred Soapfish;1;0;0;1
Liopropomatidae;Diploprion;drachi;Yellowfin Soapfish;1;1;1;1
Liopropomatidae;Liopropoma;mitratum;Headband Basslet;0;1;0;1
Liopropomatidae;Liopropoma;mitratum;NA;1;0;0;1
Lutjanidae;Aphareus;furca;Smalltooth Jobfish;1;0;0;1
Lutjanidae;Aphareus;rutilans;Rusty Jobfish;1;0;0;1
Lutjanidae;Aprion;virescens;Green Jobfish;1;1;1;1
Lutjanidae;Caesio;caerulaurea;Scissortail Fusilier;1;1;1;1
Lutjanidae;Caesio;cuning;Yellowtail Fusilier;1;0;0;1
Lutjanidae;Caesio;lunaris;Lunar Fusilier;1;1;1;1
Lutjanidae;Caesio;striata;Striated Fusilier;1;1;1;1
Lutjanidae;Caesio;suevica;Red Sea Fusilier;1;1;1;1
Lutjanidae;Caesio;teres;Blue-And-Yellow Fusilier;1;0;0;1
Lutjanidae;Caesio;varilineata;Variable-Lined Fusilier;1;1;1;1
Lutjanidae;Lutjanus;argentimaculatus;Mangrove Snapper;1;1;1;1
Lutjanidae;Lutjanus;bengalensis;Bengal Snapper;1;0;0;1
Lutjanidae;Lutjanus;biguttatus;Two-Spot Snapper;1;0;0;1
Lutjanidae;Lutjanus;bohar;Twinspot Snapper;1;1;1;1
Lutjanidae;Lutjanus;boutton;Button Snapper;1;0;0;1
Lutjanidae;Lutjanus;carponotatus;Spanish Flag;1;0;0;1
Lutjanidae;Lutjanus;decussatus;Checkered Snapper;1;0;0;1
Lutjanidae;Lutjanus;ehrenbergii;Ehrenberg's Snapper;1;1;1;1
Lutjanidae;Lutjanus;fulviflamma;Longspot Snapper;1;1;1;1
Lutjanidae;Lutjanus;fulvus;Blacktail Snapper;1;0;0;1
Lutjanidae;Lutjanus;gibbus;Humpback Snapper;1;1;1;1
Lutjanidae;Lutjanus;kasmira;Bluestriped Snapper;1;1;1;1
Lutjanidae;Lutjanus;lutjanus;Bigeye Snapper;1;0;0;1
Lutjanidae;Lutjanus;madras;Indian Snapper;1;0;0;1
Lutjanidae;Lutjanus;monostigma;Onespot Snapper;1;1;1;1
Lutjanidae;Lutjanus;quinquelineatus;Five-Lined Snapper;1;0;0;1
Lutjanidae;Lutjanus;rivulatus;Speckled Snapper;1;0;0;1
Lutjanidae;Lutjanus;rufolineatus;Golden-Lined Snapper;1;0;0;1
Lutjanidae;Lutjanus;russellii;Russell's Snapper;1;0;0;1
Lutjanidae;Lutjanus;semicinctus;Black-Banded Snapper;1;0;0;1
Lutjanidae;Lutjanus;vitta;Brown Stripe Snapper;1;0;0;1
Lutjanidae;Macolor;macularis;Midnight Snapper;1;0;0;1
Lutjanidae;Macolor;niger;Black Snapper;1;1;1;1
Lutjanidae;Paracaesio;sordida;False Fusilier;1;1;1;1
Lutjanidae;Paracaesio;xanthura;Yellowtail Blue Snapper;1;0;0;1
Lutjanidae;Pterocaesio;chrysozona;Goldband Fusilier;1;1;1;1
Lutjanidae;Pterocaesio;digramma;Doubleline Fusilier;1;0;0;1
Lutjanidae;Pterocaesio;marri;Twinstripe Fusilier;1;0;0;1
Lutjanidae;Pterocaesio;pisang;Banana Fusilier;1;0;0;1
Lutjanidae;Pterocaesio;randalli;Randall's Fusilier;1;0;0;1
Lutjanidae;Pterocaesio;tessellata;One-Stripe Fusilier;1;0;0;1
Lutjanidae;Pterocaesio;tile;Neon Fusilier;1;0;0;1
Lutjanidae;Symphorichthys;spilurus;Sailfin Snapper;1;0;0;1
Lutjanidae;Symphorus;nematophorus;Chinamanfish;1;0;0;1
Malacanthidae;Hoplolatilus;starcki;Starks Tilefish;1;0;0;1
Malacanthidae;Malacanthus;brevirostris;Flagtail Blanquillo;1;1;1;1
Malacanthidae;Malacanthus;latovittatus;Blue Blanquillo;1;1;1;1
Megalopidae;Megalops;cyprinoides;Pacific Tarpon;1;0;0;1
Microdesmidae;Aioliops;novaeguineae;Mini Dartfish;1;0;0;1
Microdesmidae;Gunnellichthys;curiosus;Curious Wormfish;1;0;0;1
Microdesmidae;Gunnellichthys;monostigma;Onespot Wormfish;1;0;0;1
Microdesmidae;Gunnellichthys;viridescens;Orangestriped Wormfish;1;0;0;1
Microdesmidae;Nemateleotris;decora;Decorated Dartfish;1;0;0;1
Microdesmidae;Nemateleotris;magnifica;Fire Dartfish;1;0;0;1
Microdesmidae;Parioglossus;philippinus;Philippines Dartfish;1;0;0;1
Microdesmidae;Parioglossus;raoi;Rao's Dartfish;1;0;0;1
Microdesmidae;Ptereleotris;brachyptera;Lowfin Dartfish;1;0;0;1
Microdesmidae;Ptereleotris;evides;Blackfin Dartfish;1;0;0;1
Microdesmidae;Ptereleotris;hanae;Threadfin Dartfish;1;0;0;1
Microdesmidae;Ptereleotris;heteroptera;Blacktail Dartfish;1;0;0;1
Microdesmidae;Ptereleotris;microlepis;Pearly Dartfish;1;0;0;1
Microdesmidae;Ptereleotris;rubristigma;Redspot Dartfish;1;0;0;1
Mobulidae;Mobula;birostris;Giant Manta;1;0;0;1
Monacanthidae;Acreichthys;radiatus;Radial Leatherjacket;1;0;0;1
Monacanthidae;Acreichthys;tomentosus;Bristle-Tailed Filefish;1;0;0;1
Monacanthidae;Aluterus;monoceros;Unicorn leatherjacket filefish;1;0;0;1
Monacanthidae;Aluterus;scriptus;Scrawled Filefish;1;1;1;1
Monacanthidae;Amanses;scopas;Broom Filefish;1;1;1;1
Monacanthidae;Brachaluteres;taylori;Puffer Filefish;1;0;0;1
Monacanthidae;Cantherhines;dumerilii;Yelloweye Filefish;1;0;0;1
Monacanthidae;Cantherhines;fronticinctus;Spectacled Filefish;1;0;0;1
Monacanthidae;Cantherhines;pardalis;Honeycomb Filefish;1;1;1;1
Monacanthidae;Oxymonacanthus;halli;Red Sea Longnose Filefish;1;1;1;1
Monacanthidae;Oxymonacanthus;longirostris;Longnose Filefish;1;0;0;1
Monacanthidae;Paraluteres;arqat;Andaman Mimic Filefish;0;1;0;1
Monacanthidae;Paraluteres;prionurus;Blacksaddle Toby Mimic;1;0;0;1
Monacanthidae;Paramonacanthus;choirocephalus;Whiteblotch Filefish;1;0;0;1
Monacanthidae;Paramonacanthus;curtorhynchos;Shortsnout Filefish;1;0;0;1
Monacanthidae;Paramonacanthus;japonicus;Hairfinned Leatherjacket;1;0;0;1
Monacanthidae;Paramonacanthus;nematophorus;Muddy Filefish;0;1;0;1
Monacanthidae;Paramonacanthus;sulcatus;Mudbank Filefish;1;0;0;1
Monacanthidae;Pervagor;aspricaudus;Orangetail Filefish;1;0;0;1
Monacanthidae;Pervagor;janthinosoma;Blackbar Filefish;1;0;0;1
Monacanthidae;Pervagor;melanocephalus;Blackhead Filefish;1;0;0;1
Monacanthidae;Pervagor;nigrolineatus;Blackline Filefish;1;0;0;1
Monacanthidae;Pervagor;randalli;Randall's Filefish;0;1;0;1
Monacanthidae;Pseudalutarius;nasicornis;Rhino Filefish;1;0;0;1
Monacanthidae;Pseudomonacanthus;macrurus;Strapweed Filefish;1;0;0;1
Monacanthidae;Rudarius;excelsus;Diamond leatherjacket;1;0;0;1
Monodactylidae;Monodactylus;argenteus;Silver Mono;1;1;1;1
Mugilidae;Ellochelon;vaigiensis;Squaretail Mullet;1;0;0;1
Mugilidae;Moolgarda;crenilabis;Fringelip Mullet;1;1;1;1
Mugilidae;Moolgarda;seheli;Bluespot Mullet;1;0;0;1
Mugilidae;Osteomugil;perusii;Longfinned Mullet;1;0;0;1
Mugilidae;Plicomugil;labiosus;Thicklip Mullet;1;1;1;1
Mullidae;Mulloidichthys;flavolineatus;Yellowstripe Goatfish;1;1;1;1
Mullidae;Mulloidichthys;vanicolensis;Yellowfin Goatfish;1;1;1;1
Mullidae;Parupeneus;barberinoides;Bicolor Goatfish;1;0;0;1
Mullidae;Parupeneus;barberinus;Dash-Dot Goatfish;1;1;1;1
Mullidae;Parupeneus;crassilabris;Doublebar Goatfish;1;0;0;1
Mullidae;Parupeneus;cyclostomus;Goldsaddle Goatfish;1;1;1;1
Mullidae;Parupeneus;forsskali;Red Sea Goatfish;1;1;1;1
Mullidae;Parupeneus;heptacantha;Cinnabar Goatfish;1;1;1;1
Mullidae;Parupeneus;indicus;Indian Goatfish;1;0;0;1
Mullidae;Parupeneus;macronemus;Longbarbel Goatfish;1;1;1;1
Mullidae;Parupeneus;multifasciatus;Manybar Goatfish;1;0;0;1
Mullidae;Parupeneus;pleurostigma;Sidespot Goatfish;1;0;0;1
Mullidae;Upeneus;margarethae;Margaretha's Goatfish;1;1;1;1
Mullidae;Upeneus;sundaicus;Sunda Goatfish;1;0;0;1
Mullidae;Upeneus;tragula;Freckled Goatfish;1;1;1;1
Mullidae;Upeneus;vittatus;Striped Goatfish;1;0;0;1
Muraenidae;Echidna;nebulosa;Snowflake Moray;1;1;1;1
Muraenidae;Echidna;polyzona;Barred Moray;1;1;1;1
Muraenidae;Gymnomuraena;zebra;Zebra Moray;1;1;1;1
Muraenidae;Gymnothorax;albimarginatus;Whitemargin Moray;1;0;0;1
Muraenidae;Gymnothorax;angusticauda;Narrowtail Moray;1;1;1;1
Muraenidae;Gymnothorax;buroensis;Vagrant moray;1;1;1;1
Muraenidae;Gymnothorax;chlamydatus;NA;1;0;0;1
Muraenidae;Gymnothorax;fimbriatus;Fimbriated Moray Eel;1;0;0;1
Muraenidae;Gymnothorax;flavimarginatus;Yellow-Margin Moray;1;1;1;1
Muraenidae;Gymnothorax;griseus;Grey Moray;1;1;1;1
Muraenidae;Gymnothorax;javanicus;Giant Moray;1;1;1;1
Muraenidae;Gymnothorax;meleagris;Whitemouth Moray;1;0;0;1
Muraenidae;Gymnothorax;minor;Minor Moray;1;0;0;1
Muraenidae;Gymnothorax;moluccensis;Moluccan moray;0;1;0;1
Muraenidae;Gymnothorax;nudivomer;Yellowmouth Moray;1;1;1;1
Muraenidae;Gymnothorax;pictus;Peppered Moray;1;0;0;1
Muraenidae;Gymnothorax;pindae;Pinda Moray;1;1;1;1
Muraenidae;Gymnothorax;richardsonii;Richardsons Moray;1;0;0;1
Muraenidae;Gymnothorax;rueppelliae;Yellow-Headed Moray;1;1;1;1
Muraenidae;Gymnothorax;thyrsoideus;White-Eyed Moray;1;0;0;1
Muraenidae;Gymnothorax;undulatus;Undulated Moray;1;1;1;1
Muraenidae;Gymnothorax;zonipectis;Barred-Fin Moray;1;1;1;1
Muraenidae;Rhinomuraena;quaesita;Ribbon Eel;1;0;0;1
Muraenidae;Scuticaria;tigrina;Tiger Reef-Eel;1;1;1;1
Muraenidae;Uropterygius;concolor;Brown Snakemoray;1;1;1;1
Nemipteridae;Nemipterus;furcosus;Rosy Threadfin Bream;1;0;0;1
Nemipteridae;Pentapodus;aureofasciatus;Yellow-Striped Whiptail;1;0;0;1
Nemipteridae;Pentapodus;caninus;Small-Toothed Whiptail;1;0;0;1
Nemipteridae;Pentapodus;emeryii;Double Whiptail;1;0;0;1
Nemipteridae;Pentapodus;trivittatus;Three-Striped Whiptail;1;0;0;1
Nemipteridae;Scolopsis;affinis;Pale Monocle Bream;1;0;0;1
Nemipteridae;Scolopsis;bilineata;Not Bilineatus - Bridled;1;0;0;1
Nemipteridae;Scolopsis;ciliata;Whitestreak Monocle Bream;1;0;0;1
Nemipteridae;Scolopsis;ghanam;Arabian Monocle Bream;1;1;1;1
Nemipteridae;Scolopsis;lineata;Striped Monocle Bream;1;0;0;1
Nemipteridae;Scolopsis;margaritifera;Pearly Monocle Bream;1;0;0;1
Nemipteridae;Scolopsis;monogramma;Monogram Monocle Bream;1;0;0;1
Nemipteridae;Scolopsis;taeniata;Black-Streaked Monocle Bream;0;1;0;1
Nemipteridae;Scolopsis;temporalis;Rainbow Monocle Bream;1;0;0;1
Nemipteridae;Scolopsis;trilineata;Three-Lined Monocle;1;0;0;1
Nemipteridae;Scolopsis;xenochrous;Pearl-Streaked Monocle Bream;1;0;0;1
Neopomacentridae;Neopomacentrus;bankieri;Chinese Demoiselle;1;0;0;1
Ophichthidae;Apterichtus;klazingai;Sharpsnout Snake Eel;1;0;0;1
Ophichthidae;Brachysomophis;cirrocheilos;Stargazer Snake Eel;1;0;0;1
Ophichthidae;Brachysomophis;henshawi;Reptilian Snake Eel;1;0;0;1
Ophichthidae;Callechelys;marmorata;Marbled Snake Eel;1;1;1;1
Ophichthidae;Myrichthys;colubrinus;Banded Snake Eel;1;1;1;1
Ophichthidae;Myrichthys;maculosus;Spotted Snake Eel;1;1;1;1
Ophichthidae;Ophichthus;altipennis;Highfin Snake Eel;1;0;0;1
Ophichthidae;Ophichthus;bonaparti;Napoleon Snake Eel;1;0;0;1
Ophichthidae;Ophichthus;polyophthalmus;Orange-Spotted Snake Eel;1;0;0;1
Ophidiidae;Brotula;multibarbata;Goatsbeard Brotula;0;1;0;1
Opistognathidae;Opistognathus;randalli;Yellowbarred Jawfish;1;0;0;1
Opistognathidae;Opistognathus;solorensis;Solor Jawfish;1;0;0;1
Opistognathidae;Opistognathus;species6;NA;1;0;0;1
Opistognathidae;Opistognathus;variabilis;Variable Jawfish;1;0;0;1
Opistognathidae;Opistognathus;wassi;Chinstrap Jawfish;1;0;0;1
Orectolobidae;Eucrossorhinus;dasypogon;Tasselled Wobbegong;1;0;0;1
Ostraciidae;Lactoria;cornuta;Longhorn Cowfish;1;0;0;1
Ostraciidae;Lactoria;diaphana;Roundbelly Cowfish;1;0;0;1
Ostraciidae;Lactoria;fornasini;Thornback Cowfish;1;0;0;1
Ostraciidae;Ostracion;cubicum;Yellow Boxfish;1;1;1;1
Ostraciidae;Ostracion;cyanurus;Bluetail Trunkfish;1;1;1;1
Ostraciidae;Ostracion;meleagris;Spotted Boxfish;1;0;0;1
Ostraciidae;Ostracion;rhinorhynchos;NA;1;0;0;1
Ostraciidae;Ostracion;solorensis;Solor Boxfish;1;0;0;1
Ostraciidae;Tetrosomus;gibbosus;Humpback Turretfish;1;1;1;1
Pegasidae;Eurypegasus;draconis;Dragon Sea Moth;1;1;1;1
Pegasidae;Pegasus;volitans;Slender Seamoth;1;0;0;1
Pempheridae;Parapriacanthus;guentheri;Goldhead Sweeper;1;1;1;1
Pempheridae;Parapriacanthus;ransonneti;Golden Sweeper;1;0;0;1
Pempheridae;Pempheris;adusta;Dusky Sweeper;1;1;1;1
Pempheridae;Pempheris;flavicycla;NA;1;0;0;1
Pempheridae;Pempheris;flavicycla marisrubri;Orange Sweeper;0;1;0;1
Pempheridae;Pempheris;oualensis;Copper Sweeper;1;0;0;1
Pempheridae;Pempheris;schwenkii;Silver Sweeper;1;0;0;1
Pempheridae;Pempheris;tominagai;African Silver Sweeper;1;1;1;1
Pempheridae;Pempheris;vanicolensis;Vanikolo Sweeper;1;1;1;1
Pholidichthyidae;Pholidichthys;leucotaenia;Convict Blenny;1;0;0;1
Pinguipedidae;Parapercis;bimacula;Twospot Sandperch;1;0;0;1
Pinguipedidae;Parapercis;clathrata;Latticed Sandperch;1;0;0;1
Pinguipedidae;Parapercis;cylindrica;Sharpnose Sandperch;1;0;0;1
Pinguipedidae;Parapercis;hexophtalma;Speckled Sandperch;1;1;1;1
Pinguipedidae;Parapercis;lineopunctata;Nosestripe Sandperch;1;0;0;1
Pinguipedidae;Parapercis;millepunctata;Spotted Sandperch;1;0;0;1
Pinguipedidae;Parapercis;schauinslandii;Red-Spotted Sandperch;1;0;0;1
Pinguipedidae;Parapercis;snyderi;Blackfin Sandperch;1;0;0;1
Pinguipedidae;Parapercis;tetracantha;Reticulated Sandperch;1;0;0;1
Pinguipedidae;Parapercis;xanthozona;Whitestripe Sandperch;1;0;0;1
Platycephalidae;Cociella;punctata;Spotted Flathead;1;1;1;1
Platycephalidae;Cymbacephalus;beauforti;Crocodile Flathead;1;0;0;1
Platycephalidae;Cymbacephalus;bosschei;Smalleyed Flathead;1;0;0;1
Platycephalidae;Onigocia;bimaculata;Twospot Flathead;1;1;1;1
Platycephalidae;Papilloculiceps;longiceps;Tentacled Flathead;1;1;1;1
Platycephalidae;Sunagocia;carbunculus;Horned Flathead;1;0;0;1
Platycephalidae;Sunagocia;otaitensis;Fringelip Flathead;1;0;0;1
Platycephalidae;Thysanophrys;celebica;Celebes Flathead;1;0;0;1
Platycephalidae;Thysanophrys;chiltonae;Longsnout Flathead;1;0;0;1
Plesiopidae;Calloplesiops;altivelis;Comet;1;1;1;1
Plesiopidae;Plesiops;coeruleolineatus;Crimsontop Longfin;1;1;1;1
Plotosidae;Euristhmus;lepturus;Longtail Catfish;1;0;0;1
Plotosidae;Plotosus;lineatus;Striped Catfish;1;1;1;1
Pomacanthidae;Apolemichthys;trimaculatus;Three-Spot Angelfish;1;0;0;1
Pomacanthidae;Apolemichthys;xanthotis;Yellow-Ear Angelfish;0;1;0;1
Pomacanthidae;Centropyge;bicolor;Bicolor Angelfish;1;0;0;1
Pomacanthidae;Centropyge;bispinosa;Two-Spined Angelfish;1;0;0;1
Pomacanthidae;Centropyge;fisheri;NA;1;0;0;1
Pomacanthidae;Centropyge;multifasciata;Multi-Barred Angelfish;1;0;0;1
Pomacanthidae;Centropyge;multispinis;Many-Spined Angelfish;1;1;1;1
Pomacanthidae;Centropyge;nox;Midnight Angelfish;1;0;0;1
Pomacanthidae;Centropyge;tibicen;Keyhole Angelfish;1;0;0;1
Pomacanthidae;Centropyge;vrolikii;Pearl-Scaled Angelfish;1;0;0;1
Pomacanthidae;Chaetodontoplus;dimidiatus;Pewter Angelfish;1;0;0;1
Pomacanthidae;Chaetodontoplus;duboulayi;Scribbled Angelfish;1;0;0;1
Pomacanthidae;Chaetodontoplus;mesoleucus;Vermiculated Angelfish;1;0;0;1
Pomacanthidae;Chaetodontoplus;poliourus;Greytail Angelfish;1;0;0;1
Pomacanthidae;Genicanthus;caudovittatus;Zebra Angelfish;1;1;1;1
Pomacanthidae;Genicanthus;lamarck;Blackstriped Angelfish;1;0;0;1
Pomacanthidae;Genicanthus;melanospilos;Blackspot Angelfish;1;0;0;1
Pomacanthidae;Pomacanthus;asfur;Arabian Angelfish;1;1;1;1
Pomacanthidae;Pomacanthus;imperator;Emperor Angelfish;1;1;1;1
Pomacanthidae;Pomacanthus;maculosus;Yellowbar Angelfish;1;1;1;1
Pomacanthidae;Pomacanthus;navarchus;Blue-Girdled Angelfish;1;0;0;1
Pomacanthidae;Pomacanthus;semicirculatus;Semicircle Angelfish;1;1;1;1
Pomacanthidae;Pomacanthus;sexstriatus;Six-Banded Angelfish;1;0;0;1
Pomacanthidae;Pomacanthus;xanthometopon;Yellow-Mask Angelfish;1;0;0;1
Pomacanthidae;Pygoplites;diacanthus;Regal Angelfish;1;1;1;1
Pomacentridae;Abudefduf;bengalensis;Bengal Sergeant;1;0;0;1
Pomacentridae;Abudefduf;lorenzi;Blacktail Sergeant;1;0;0;1
Pomacentridae;Abudefduf;notatus;Yellowtail Sergeant;1;0;0;1
Pomacentridae;Abudefduf;septemfasciatus;Banded Sergeant;1;0;0;1
Pomacentridae;Abudefduf;sexfasciatus;Scissortail Sergeant;1;1;1;1
Pomacentridae;Abudefduf;sordidus;Blackspot Sergeant;1;1;1;1
Pomacentridae;Abudefduf;vaigiensis;Pacific Sergeant;1;1;1;1
Pomacentridae;Acanthochromis;polyacanthus;Spiny Chromis;1;0;0;1
Pomacentridae;Amblyglyphidodon;aureus;Golden Damsel;1;0;0;1
Pomacentridae;Amblyglyphidodon;batunaorum;Batunas Damselfish;1;0;0;1
Pomacentridae;Amblyglyphidodon;curacao;Staghorn Damsel;1;0;0;1
Pomacentridae;Amblyglyphidodon;flavilatus;Yellowside Damsel;1;1;1;1
Pomacentridae;Amblyglyphidodon;flavopurpureus;Cenderawasih Damselfish;1;0;0;1
Pomacentridae;Amblyglyphidodon;indicus;Pale Damselfish;1;1;1;1
Pomacentridae;Amblyglyphidodon;leucogaster;White-Belly Damsel;1;0;0;1
Pomacentridae;Amblyglyphidodon;ternatensis;Ternate Damselfish;1;0;0;1
Pomacentridae;Amblypomacentrus;annulatus;Footballer Demoiselle;0;1;0;1
Pomacentridae;Amblypomacentrus;breviceps;Black-Banded Demoiselle;1;0;0;1
Pomacentridae;Amblypomacentrus;clarus;Banggai Damselfish;1;0;0;1
Pomacentridae;Amphiprion;biaculeatus;Spinecheek Anemonefish;1;0;0;1
Pomacentridae;Amphiprion;bicinctus;Twoband Anemonefish;1;1;1;1
Pomacentridae;Amphiprion;clarkii;Clark's Anemonefish;1;0;0;1
Pomacentridae;Amphiprion;frenatus;Tomato Anemonefish - Red;1;0;0;1
Pomacentridae;Amphiprion;melanopus;Red And Black Anemonefish;1;0;0;1
Pomacentridae;Amphiprion;ocellaris;False Clown Anemonefish;1;0;0;1
Pomacentridae;Amphiprion;percula;Clown Anemonefish;1;0;0;1
Pomacentridae;Amphiprion;perideraion;Pink Anemonefish;1;0;0;1
Pomacentridae;Amphiprion;polymnus;Saddleback Anemonefish;1;0;0;1
Pomacentridae;Amphiprion;sandaracinos;Orange Anemonefish;1;0;0;1
Pomacentridae;Azurina;elerae;Twinspot Chromis;1;0;0;1
Pomacentridae;Azurina;lepidolepis;Scaly Chromis;1;0;0;1
Pomacentridae;Cheiloprion;labiatus;NA;1;0;0;1
Pomacentridae;Chromis;alpha;Yellowspotted Chromis;1;0;0;1
Pomacentridae;Chromis;analis;Yellow Chromis;1;0;0;1
Pomacentridae;Chromis;atripectoralis;Black-Axil Chromis;1;0;0;1
Pomacentridae;Chromis;flavaxilla;Arabian Chromis;1;1;1;1
Pomacentridae;Chromis;opercularis;Doublebar Chromis;1;0;0;1
Pomacentridae;Chromis;pembae;Yellow-Edge Chromis;1;1;1;1
Pomacentridae;Chromis;scotochiloptera;Philippine Chromis;1;0;0;1
Pomacentridae;Chromis;ternatensis;Ternate Chromis;1;0;0;1
Pomacentridae;Chromis;trialpha;Trispot Chromis;1;1;1;1
Pomacentridae;Chromis;viridis;Blue-Green Chromis;1;1;1;1
Pomacentridae;Chromis;weberi;Weber's Chromis;1;1;1;1
Pomacentridae;Chromis;xanthochira;Yellow-Axil Chromis;1;0;0;1
Pomacentridae;Chromis;xanthura;Pail-Tail Chromis;1;0;0;1
Pomacentridae;Chromis;xouthos;Yellow-Brown Chromis;1;0;0;1
Pomacentridae;Chrysiptera;annulatus;NA;1;0;0;1
Pomacentridae;Chrysiptera;arnazae;Arnaz's Damselfish;1;0;0;1
Pomacentridae;Chrysiptera;biocellata;Twospot Damselfish;1;0;0;1
Pomacentridae;Chrysiptera;bleekeri;Bleeker's Damselfish;1;0;0;1
Pomacentridae;Chrysiptera;brownriggii;Surge Damselfish Indian Ocean;1;0;0;1
Pomacentridae;Chrysiptera;cyanea;Blue Devil;1;0;0;1
Pomacentridae;Chrysiptera;hemicyanea;Azure Damselfish;1;0;0;1
Pomacentridae;Chrysiptera;leucopomus;Pacific Surge Damsel;1;0;0;1
Pomacentridae;Chrysiptera;rollandi;Rolland's Damselfish;1;0;0;1
Pomacentridae;Chrysiptera;springeri;Springer's Demoiselle;1;0;0;1
Pomacentridae;Chrysiptera;talboti;Talbot's Demoiselle;1;0;0;1
Pomacentridae;Chrysiptera;unimaculata;Onespot Damsel;1;1;1;1
Pomacentridae;Dascyllus;abudafur;Indian Ocean Humbug;1;1;1;1
Pomacentridae;Dascyllus;aruanus;Humbug;1;0;0;1
Pomacentridae;Dascyllus;carneus;Indian Dascyllus;1;0;0;1
Pomacentridae;Dascyllus;marginatus;Marginate Dascyllus;1;1;1;1
Pomacentridae;Dascyllus;melanurus;Black-Tailed Dascyllus;1;0;0;1
Pomacentridae;Dascyllus;reticulatus;Reticulated Dascyllus;1;0;0;1
Pomacentridae;Dascyllus;trimaculatus;Three-Spot Dascyllus;1;1;1;1
Pomacentridae;Dischistodus;chrysopoecilus;Pale-Spot Damselfish;1;0;0;1
Pomacentridae;Dischistodus;fasciatus;Banded Damsel;1;0;0;1
Pomacentridae;Dischistodus;melanotus;Black-Vent Damselfish;1;0;0;1
Pomacentridae;Dischistodus;perspicillatus;White Damsel;1;0;0;1
Pomacentridae;Dischistodus;prosopotaenia;Honey-Head Damselfish;1;0;0;1
Pomacentridae;Dischistodus;pseudochrysopoecilus;Monarch Damselfish;1;0;0;1
Pomacentridae;Hemiglyphidodon;plagiometopon;Lagoon Damselfish;1;0;0;1
Pomacentridae;Lepidozygus;tapeinosoma;Fusilier Damselfish;1;0;0;1
Pomacentridae;Neoglyphidodon;crossi;Cross Damselfish;1;0;0;1
Pomacentridae;Neoglyphidodon;melas;Black Damsel;1;1;1;1
Pomacentridae;Neoglyphidodon;nigroris;Yellowtail Damselfish;1;0;0;1
Pomacentridae;Neoglyphidodon;oxyodon;Javanese Damsel;1;0;0;1
Pomacentridae;Neoglyphidodon;thoracotaeniatus;Western Barhead Damsel;1;0;0;1
Pomacentridae;Neopomacentrus;bankieri;Chinese Demoiselle;1;0;0;1
Pomacentridae;Neopomacentrus;cyanomos;Regal Demoiselle;1;0;0;1
Pomacentridae;Neopomacentrus;filamentosus;NA;1;0;0;1
Pomacentridae;Neopomacentrus;flavicauda;Red Sea Demoiselle;0;1;0;1
Pomacentridae;Neopomacentrus;miryae;Miry's Demoiselle;1;1;1;1
Pomacentridae;Plectroglyphidodon;dickii;Blackbar Damsel;1;0;0;1
Pomacentridae;Plectroglyphidodon;johnstonianus;Johnston Damsel;1;0;0;1
Pomacentridae;Plectroglyphidodon;leucozona;Whiteband Damselfish Not Leucozona;0;1;0;1
Pomacentridae;Plectroglyphidodon;leucozonus;Whiteband Damselfish Not Leucozona;1;0;0;1
Pomacentridae;Pomacentrus;adelus;Obscure Damselfish;1;0;0;1
Pomacentridae;Pomacentrus;albicaudatus;Whitetail Damselfish;1;0;0;1
Pomacentridae;Pomacentrus;alexanderae;Alexander's Damsel;1;0;0;1
Pomacentridae;Pomacentrus;amboinensis;Ambon Damselfish;1;0;0;1
Pomacentridae;Pomacentrus;aquilus;Dark Damsel;1;1;1;1
Pomacentridae;Pomacentrus;aurifrons;Goldhead Damsel;1;0;0;1
Pomacentridae;Pomacentrus;auriventris;Goldbelly Damsel;1;0;0;1
Pomacentridae;Pomacentrus;bankanensis;Speckled Damsel;1;0;0;1
Pomacentridae;Pomacentrus;brachialis;Charcoal Damsel;1;0;0;1
Pomacentridae;Pomacentrus;burroughi;Burroughs Damselfish;1;0;0;1
Pomacentridae;Pomacentrus;coelestis;Neon Damselfish;1;0;0;1
Pomacentridae;Pomacentrus;cuneatus;Wedgespot Damsel;1;0;0;1
Pomacentridae;Pomacentrus;grammorhynchus;Azurespot Damselfish;1;0;0;1
Pomacentridae;Pomacentrus;imitator;Imitator Damsel;1;0;0;1
Pomacentridae;Pomacentrus;lepidogenys;Scaly Damsel;1;0;0;1
Pomacentridae;Pomacentrus;leptus;Slender Damsel;1;1;1;1
Pomacentridae;Pomacentrus;moluccensis;Lemon Damsel;1;0;0;1
Pomacentridae;Pomacentrus;nagasakiensis;Nagasaki Damselfish;1;0;0;1
Pomacentridae;Pomacentrus;nigromanus;Goldback Damsel;1;0;0;1
Pomacentridae;Pomacentrus;nigromarginatus;Black-Margined Damselfish;1;0;0;1
Pomacentridae;Pomacentrus;pavo;Blue Damsel;1;0;0;1
Pomacentridae;Pomacentrus;philippinus;Philippine Damsel;1;0;0;1
Pomacentridae;Pomacentrus;reidi;Reid's Damsel;1;0;0;1
Pomacentridae;Pomacentrus;simsiang;Blueback Damselfish;1;0;0;1
Pomacentridae;Pomacentrus;stigma;Blackspot Damsel;1;0;0;1
Pomacentridae;Pomacentrus;sulfureus;Sulphur Damsel;1;1;1;1
Pomacentridae;Pomacentrus;taeniometopon;Brackish Damsel;1;0;0;1
Pomacentridae;Pomacentrus;trichrourus;Paletail Damsel;1;1;1;1
Pomacentridae;Pomacentrus;trilineatus;Threeline Damsel;1;1;1;1
Pomacentridae;Pomacentrus;tripunctatus;Threespot Damselfish;1;0;0;1
Pomacentridae;Pomacentrus;vaiuli;Princess Damselfly;1;0;0;1
Pomacentridae;Pycnochromis;amboinensis;Ambon Chromis;1;0;0;1
Pomacentridae;Pycnochromis;atripes;Dark-Fin Chromis;1;0;0;1
Pomacentridae;Pycnochromis;caudalis;Blue-Axil Chromis;1;0;0;1
Pomacentridae;Pycnochromis;delta;Deepreef Chromis;1;0;0;1
Pomacentridae;Pycnochromis;dimidiatus;Chocolatedip chromis;1;1;1;1
Pomacentridae;Pycnochromis;lineatus;Lined chromis;1;0;0;1
Pomacentridae;Pycnochromis;margaritifer;Bicolor Chromis;1;0;0;1
Pomacentridae;Pycnochromis;retrofasciatus;Blackbar Chromis;1;0;0;1
Pomacentridae;Stegastes;aureus;NA;1;0;0;1
Pomacentridae;Stegastes;lacrymatus;Jewel Damsel;1;1;1;1
Pomacentridae;Stegastes;nigricans;Dusky Gregory;1;1;1;1
Pomacentridae;Stegastes;punctatus;Bluntsnout Gregory;1;0;0;1
Priacanthidae;Priacanthus;blochii;Blochs Bigeye;1;0;0;1
Priacanthidae;Priacanthus;hamrur;Crescent-Tail Bigeye;1;1;1;1
Priacanthidae;Priacanthus;macracanthus;Spottedfin Bigeye;1;0;0;1
Pseudochromidae;Chlidichthys;auratus;Golden Dottyback;1;1;1;1
Pseudochromidae;Cypho;zaps;Checkered Dottyback;1;0;0;1
Pseudochromidae;Labracinus;cyclophthalmus;Firetail Dottyback;1;0;0;1
Pseudochromidae;Manonichthys;alleni;Sabah Dottyback;1;0;0;1
Pseudochromidae;Manonichthys;polynemus;Longfin Dottyback;1;0;0;1
Pseudochromidae;Manonichthys;splendens;Spendid Dottyback;1;0;0;1
Pseudochromidae;Pictichromis;paccagnellae;Royal Dottyback;1;0;0;1
Pseudochromidae;Pictichromis;porphyrea;Magenta Dottyback;1;0;0;1
Pseudochromidae;Pseudochromis;ammeri;Raja Dottyback;1;0;0;1
Pseudochromidae;Pseudochromis;bitaeniatus;Double-Striped Dottyback;1;0;0;1
Pseudochromidae;Pseudochromis;dixurus;Forktail Dottyback;1;1;1;1
Pseudochromidae;Pseudochromis;eichleri;Eichler's Dottyback;1;0;0;1
Pseudochromidae;Pseudochromis;erdmanni;Erdmann's Dottyback;1;0;0;1
Pseudochromidae;Pseudochromis;flavivertex;Sunrise Dottyback;1;1;1;1
Pseudochromidae;Pseudochromis;fridmani;Orchid Dottyback;1;1;1;1
Pseudochromidae;Pseudochromis;fuscus;Dusky Dottyback;1;0;0;1
Pseudochromidae;Pseudochromis;marshallensis;Marshall's dottyback;1;0;0;1
Pseudochromidae;Pseudochromis;olivaceus;Olive Dottyback;1;1;1;1
Pseudochromidae;Pseudochromis;perspicillatus;Blackstripe Dottyback;1;0;0;1
Pseudochromidae;Pseudochromis;pesi;Pale Dottyback;0;1;0;1
Pseudochromidae;Pseudochromis;springeri;Blue-Striped Dottyback;1;1;1;1
Pseudochromidae;Pseudochromis;steenei;Steene's Dottyback;1;0;0;1
Pseudochromidae;Pseudochromis;tapeinosoma;Blackmargin dottyback;1;0;0;1
Rachycentridae;Rachycentron;canadum;Cobia;1;0;0;1
Rhincodontidae;Rhincodon;typus;Whale Shark;1;1;1;1
Scombridae;Euthynnus;affinis;Mackerel Tuna;1;1;1;1
Scombridae;Grammatorcynus;bilineatus;Double-Lined Mackerel;1;1;1;1
Scombridae;Gymnosarda;unicolor;Dogtooth Tuna;1;1;1;1
Scombridae;Katsuwonus;pelamis;"Skipjack Tuna,";1;1;1;1
Scombridae;Rastrelliger;chrysozonus;Golden-striped Mackerel;0;1;0;1
Scombridae;Rastrelliger;kanagurta;Longjaw Mackerel;1;1;1;1
Scombridae;Scomberomorus;commerson;Spanish Mackerel;1;1;1;1
Scombridae;Thunnus;albacares;Yellowfin Tuna;0;1;0;1
Scombridae;Thunnus;obesus;Bigeye Tuna;1;0;0;1
Scorpaenidae;Dendrochirus;biocellatus;Twinspot Lionfish;1;0;0;1
Scorpaenidae;Dendrochirus;brachypterus;Dwarf Lionfish;1;0;0;1
Scorpaenidae;Dendrochirus;hemprichi;Red Sea Dwarf Lionfish;1;0;0;1
Scorpaenidae;Dendrochirus;zebra;Zebra Lionfish;1;0;0;1
Scorpaenidae;Neochirus;hemprichi;Red Sea Dwarf Lionfish;0;1;0;1
Scorpaenidae;Pteroidichthys;amboinensis;Ambon Scorpionfish;1;0;0;1
Scorpaenidae;Pterois;antennata;Spotfin Lionfish;1;0;0;1
Scorpaenidae;Pterois;cincta;Clearfin Lionfish;1;0;0;1
Scorpaenidae;Pterois;miles;Indian Lionfish;1;1;1;1
Scorpaenidae;Pterois;russelii;Russells Lionfish;1;0;0;1
Scorpaenidae;Pterois;volitans;Common Lionfish;1;0;0;1
Scorpaenidae;Pteropterus;cinctus;Red Sea Clearfin Lionfish;0;1;0;1
Scorpaenidae;Rhinopias;eschmeyeri;Eschmeyers Scorpionfish;1;0;0;1
Scorpaenidae;Scorpaenodes;guamensis;Guam Scorpionfish;1;0;0;1
Scorpaenidae;Scorpaenodes;kelloggi;Dwarf Scorpionfish;1;0;0;1
Scorpaenidae;Scorpaenodes;parvipinnis;Coral Scorpionfish;0;1;0;1
Scorpaenidae;Scorpaenopsis;barbata;Bearded Scorpionfish;1;1;1;1
Scorpaenidae;Scorpaenopsis;cotticeps;Sculpin Scorpionfish;1;0;0;1
Scorpaenidae;Scorpaenopsis;diabolus;Devil Scorpionfish;1;1;1;1
Scorpaenidae;Scorpaenopsis;macrochir;Flasher Scorpionfish;1;0;0;1
Scorpaenidae;Scorpaenopsis;oxycephala;Tasseled Scorpionfish;1;1;1;1
Scorpaenidae;Scorpaenopsis;papuensis;Papuan Scorpionfish;1;0;0;1
Scorpaenidae;Scorpaenopsis;possi;Poss's Scorpionfish;1;0;0;1
Scorpaenidae;Scorpaenopsis;venosa;Raggy Scorpionfish;1;0;0;1
Scorpaenidae;Sebastapistes;cyanostigma;Yellow-Spotted Scorpionfish;1;1;1;1
Scorpaenidae;Taenianotus;triacanthus;Leaf Scorpionfish;1;0;0;1
Scyliorhinidae;Atelomycterus;marmoratus;Coral Catshark;1;0;0;1
Siganidae;Siganus;argenteus;Forktail Rabbitfish;1;1;1;1
Siganidae;Siganus;corallinus;Coral Rabbitfish;1;0;0;1
Siganidae;Siganus;doliatus;Barred Rabbitfish;1;0;0;1
Siganidae;Siganus;fuscescens;Mottled Rabbitfish;1;0;0;1
Siganidae;Siganus;guttatus;Golden Rabbitfish;1;0;0;1
Siganidae;Siganus;javus;Java Rabbitfish;1;0;0;1
Siganidae;Siganus;labyrinthodes;Labyrinth Rabbitfish;1;0;0;1
Siganidae;Siganus;lineatus;Lined Rabbitfish;1;0;0;1
Siganidae;Siganus;luridus;Dusky Spinefoot;1;1;1;1
Siganidae;Siganus;puellus;Masked Rabbitfish;1;0;0;1
Siganidae;Siganus;punctatissimus;Fine-Spotted Rabbitfish;1;0;0;1
Siganidae;Siganus;punctatus;Spotted Rabbitfish;1;0;0;1
Siganidae;Siganus;rivulatus;Marbled Rabbitfish;1;1;1;1
Siganidae;Siganus;spinus;Scribbled Rabbitfish;1;0;0;1
Siganidae;Siganus;stellatus;Stellate Rabbitfish;1;1;1;1
Siganidae;Siganus;vermiculatus;Vermiculate Rabbitfish;1;0;0;1
Siganidae;Siganus;vulpinus;Foxface Rabbitfish;1;0;0;1
Sillaginidae;Sillago;sihama;Northern Whiting;1;0;0;1
Soleidae;Aseraggodes;macronasus;Two-Spot Sole;0;1;0;1
Soleidae;Aseraggodes;steinitzi;NA;0;1;0;1
Soleidae;Brachirus;aspilos;Dusky Sole;1;0;0;1
Soleidae;Liachirus;melanospilos;NA;1;0;0;1
Soleidae;Pardachirus;marmoratus;Red Sea Moses Sole;1;1;1;1
Soleidae;Soleichthys;dori;Dor's Sole;0;1;0;1
Solenostomidae;Solenostomus;cyanopterus;Robust Ghost Pipefish;1;1;1;1
Solenostomidae;Solenostomus;halimeda;Halimeda Ghost Pipefish;1;0;0;1
Solenostomidae;Solenostomus;paegnius;Roughsnout Ghost Pipefish;1;0;0;1
Solenostomidae;Solenostomus;paradoxus;Ornate Ghost Pipefish;1;1;1;1
Sparidae;Acanthopagrus;berda;Goldsilk Seabream;1;1;1;1
Sparidae;Acanthopagrus;bifasciatus;Doublebar Bream;1;1;1;1
Sparidae;Crenidens;crenidens;Karanteen Seabream;1;1;1;1
Sparidae;Diplodus;noct;Red Sea Seabream;1;1;1;1
Sparidae;Rhabdosargus;haffara;Haffara Seabream;1;1;1;1
Sphyraenidae;Sphyraena;barracuda;Great Barracuda;1;1;1;1
Sphyraenidae;Sphyraena;flavicauda;Yellowtail Barracuda;1;0;0;1
Sphyraenidae;Sphyraena;forsteri;Bigeye Barracuda;0;1;0;1
Sphyraenidae;Sphyraena;iburiensis;Iburi Barracuda;1;1;1;1
Sphyraenidae;Sphyraena;jello;Pickhandle Barracuda;1;1;1;1
Sphyraenidae;Sphyraena;obtusata;Obtuse Barracuda;1;1;1;1
Sphyraenidae;Sphyraena;qenie;Blackfin Barracuda;1;1;1;1
Sphyrnidae;Sphyrna;lewini;Scalloped Hammerhead;1;0;0;1
Spratelloididae;Herklotsichthys;punctatus;Spotback Herring;0;1;0;1
Spratelloididae;Herklotsichthys;quadrimaculatus;Goldspot Herring;0;1;0;1
Spratelloididae;Spratelloides;delicatulus;Blueback Sprat;0;1;0;1
Synanceiidae;Ablabys;macracanthus;Spiny Waspfish;1;0;0;1
Synanceiidae;Ablabys;taenianotus;Cockatoo Waspfish;1;0;0;1
Synanceiidae;Inimicus;didactylus;Spiny Devilfish;1;0;0;1
Synanceiidae;Inimicus;filamentosus;Two-Stick Stingfish;1;1;1;1
Synanceiidae;Paracentropogon;longispinus;Longspine Waspfish;1;0;0;1
Synanceiidae;Ptarmus;gallus;Crested Velvetfish;1;1;1;1
Synanceiidae;Synanceia;horrida;Estuarine Stonefish;1;0;0;1
Synanceiidae;Synanceia;nana;Red Sea Stonefish;0;1;0;1
Synanceiidae;Synanceia;verrucosa;Reef Stonefish;1;1;1;1
Syngnathidae;Acentronura;breviperula;Shortpouch Pygmy Pipehorse;1;0;0;1
Syngnathidae;Bulbonaricus;davaoensis;Davao Pughead Pipefish;1;0;0;1
Syngnathidae;Campichthys;tryoni;Tryon's Pipefish;1;0;0;1
Syngnathidae;Corythoichthys;flavofasciatus;Network Pipefish;1;1;1;1
Syngnathidae;Corythoichthys;haematopterus;Reeftop Pipefish;1;0;0;1
Syngnathidae;Corythoichthys;intestinalis;Messmate Pipefish;1;0;0;1
Syngnathidae;Corythoichthys;nigripectus;Red Sea Pipefish;1;1;1;1
Syngnathidae;Corythoichthys;ocellatus;Orange-spotted Pipefish;1;0;0;1
Syngnathidae;Corythoichthys;schultzi;Guilded Pipefish;1;1;1;1
Syngnathidae;Doryrhamphus;excisus;Bluestripe Pipefish;1;0;0;1
Syngnathidae;Doryrhamphus;japonicus;Honshu Pipefish;1;0;0;1
Syngnathidae;Dunckerocampus;boylei;Broad-Banded Pipefish;1;1;1;1
Syngnathidae;Dunckerocampus;dactyliophorus;Ringed Pipefish;1;0;0;1
Syngnathidae;Dunckerocampus;multiannulatus;Multibar Pipefish;1;1;1;1
Syngnathidae;Dunckerocampus;naia;Naia Pipefish;1;0;0;1
Syngnathidae;Dunckerocampus;pessuliferus;Orange-Banded Pipefish;1;0;0;1
Syngnathidae;Halicampus;dunckeri;Duncker's Pipefish;1;1;1;1
Syngnathidae;Halicampus;macrorhynchus;Winged Pipefish;1;1;1;1
Syngnathidae;Halicampus;mataafae;Samoan Pipefish;1;0;0;1
Syngnathidae;Hippocampus;bargibanti;Bargibanti Pygmy Seahorse;1;0;0;1
Syngnathidae;Hippocampus;curvicuspis;New Caledonian Thorny Seahorse;1;0;0;1
Syngnathidae;Hippocampus;denise;Denise's Pygmy Seahorse;1;0;0;1
Syngnathidae;Hippocampus;histrix;Thorny Seahorse;1;0;0;1
Syngnathidae;Hippocampus;jayakari;Jayakar's Seahorse;1;1;1;1
Syngnathidae;Hippocampus;kampylotrachelos;NA;1;0;0;1
Syngnathidae;Hippocampus;kuda;Estuary Seahorse;1;0;0;1
Syngnathidae;Hippocampus;pontohi;Weedi Pygmy Seahorse;1;0;0;1
Syngnathidae;Hippocampus;spinosissimus;Hedgehog Seahorse;1;0;0;1
Syngnathidae;Micrognathus;andersonii;Short-Snouted Pipefish;1;1;1;1
Syngnathidae;Micrognathus;natans;Offshore Pipefish;1;0;0;1
Syngnathidae;Trachyrhamphus;bicoarctatus;Double-Ended Pipefish;1;1;1;1
Synodontidae;Saurida;gracilis;Slender Lizardfish;1;1;1;1
Synodontidae;Saurida;nebulosa;Nebulous Lizardfish;1;0;0;1
Synodontidae;Synodus;binotatus;Twospot Lizardfish;1;0;0;1
Synodontidae;Synodus;dermatogenys;Clearfin Lizardfish;1;1;1;1
Synodontidae;Synodus;jaculum;Blackblotch Lizardfish;1;0;0;1
Synodontidae;Synodus;rubromarmoratus;Redmarbled Lizardfish;1;0;0;1
Synodontidae;Synodus;variegatus;Reef Lizardfish;1;1;1;1
Synodontidae;Trachinocephalus;trachinus;Bluntnose Lizardfish;1;0;0;1
Terapontidae;Terapon;jarbua;Crescent Grunter;1;1;1;1
Tetraodontidae;Arothron;caeruleopunctatus;Blue-Spotted Puffer;1;0;0;1
Tetraodontidae;Arothron;diadematus;Masked Puffer;1;1;1;1
Tetraodontidae;Arothron;hispidus;Whitespotted Puffer;1;1;1;1
Tetraodontidae;Arothron;immaculatus;Immaculate Puffer;1;1;1;1
Tetraodontidae;Arothron;manilensis;Striped Puffer;1;0;0;1
Tetraodontidae;Arothron;mappa;Map Puffer;1;0;0;1
Tetraodontidae;Arothron;multilineatus;Multilined Puffer;0;1;0;1
Tetraodontidae;Arothron;nigropunctatus;Blackspotted Puffer;1;0;0;1
Tetraodontidae;Arothron;stellatus;Starry Puffer;1;1;1;1
Tetraodontidae;Canthigaster;axiologus;Pacific Crown Toby;1;0;0;1
Tetraodontidae;Canthigaster;bennetti;Bennett's Toby;1;0;0;1
Tetraodontidae;Canthigaster;compressa;Fingerprint Toby;1;0;0;1
Tetraodontidae;Canthigaster;coronata;Crown Toby;1;0;0;1
Tetraodontidae;Canthigaster;cyanospilota;Blue-spotted Toby;1;1;1;1
Tetraodontidae;Canthigaster;epilampra;Lantern Toby;1;0;0;1
Tetraodontidae;Canthigaster;janthinoptera;Green-Spotted Toby;1;0;0;1
Tetraodontidae;Canthigaster;margaritata;Red Sea Toby;1;1;1;1
Tetraodontidae;Canthigaster;papua;Papuan Toby;1;0;0;1
Tetraodontidae;Canthigaster;pygmaea;Pygmy Toby;1;1;1;1
Tetraodontidae;Canthigaster;solandri;Solander's Toby;1;0;0;1
Tetraodontidae;Canthigaster;valentini;Black-Saddled Toby;1;0;0;1
Tetraodontidae;Torquigener;flavimaculosus;Yellowspotted Puffer;1;1;1;1
Torpedinidae;Torpedo;panthera;Leopard Torpedo Ray;1;1;1;1
Toxotidae;Toxotes;jaculatrix;Archerfish;1;0;0;1
Trichonotidae;Trichonotus;elegans;Threadfin Sanddiver;1;0;0;1
Trichonotidae;Trichonotus;nikii;Red Sea Sanddiver;1;1;1;1
Trichonotidae;Trichonotus;setiger;Spotted Sanddiver;1;0;0;1
Tripterygiidae;Enneapterygius;abeli;Abel’s Triplefin;1;1;1;1
Tripterygiidae;Enneapterygius;hemimelas;Halfblack Triplefin;1;0;0;1
Tripterygiidae;Enneapterygius;obscurus;Obscure Triplefin;0;1;0;1
Tripterygiidae;Enneapterygius;pusillus;Highcrest Triplefin;0;1;0;1
Tripterygiidae;Enneapterygius;qirmiz;Qirmiz Triplefin;1;1;1;1
Tripterygiidae;Enneapterygius;similis;Masked Triplefin;1;0;0;1
Tripterygiidae;Enneapterygius;tutuilae;Highfin Threefin;0;1;0;1
Tripterygiidae;Helcogramma;steinitzi;Red Triplefin;1;1;1;1
Tripterygiidae;Helcogramma;striata;Striped Threefin;1;0;0;1
Tripterygiidae;Ucla;xenogrammus;Largemouth Triplefin;1;0;0;1
Uranoscopidae;Uranoscopus;rosette;Rosette-Spotted Stargazer;1;1;1;1
Uranoscopidae;Uranoscopus;sulphureus;Whitemargin Stargazer;1;0;0;1
Xenisthmidae;Xenisthmus;polyzonatus;Bullseye Wriggler;0;1;0;1
Zanclidae;Zanclus;cornutus;Moorish Idol;1;0;0;1
