Family;Genus;Species;Species English
Balistidae;Abalistes;stellatus;Starry Triggerfish
Antennariidae;Abantennarius;nummifer;
Synanceiidae;Ablabys;macracanthus;Spiny Waspfish
Synanceiidae;Ablabys;taenianotus;Cockatoo Waspfish
Pomacentridae;Abudefduf;bengalensis;Bengal Sergeant
Pomacentridae;Abudefduf;lorenzi;Blacktail Sergeant
Pomacentridae;Abudefduf;notatus;Yellowtail Sergeant
Pomacentridae;Abudefduf;septemfasciatus;Banded Sergeant
Pomacentridae;Abudefduf;sexfasciatus;Scissortail Sergeant
Pomacentridae;Abudefduf;sordidus;Blackspot Sergeant
Pomacentridae;Abudefduf;vaigiensis;Pacific Sergeant
Pomacentridae;Acanthochromis;polyacanthus;Spiny Chromis
Sparidae;Acanthopagrus;berda;Goldsilk Seabream
Sparidae;Acanthopagrus;bifasciatus;Doublebar Bream
Acanthuridae;Acanthurus;auranticavus;Fine-Lined Surgeonfish
Acanthuridae;Acanthurus;blochii;Ringtail Surgeonfish
Acanthuridae;Acanthurus;dussumieri;Eyestripe Surgeonfish
Acanthuridae;Acanthurus;gahhm;Black Surgeonfish
Acanthuridae;Acanthurus;grammoptilus;Inshore Surgeonfish
Acanthuridae;Acanthurus;guttatus;White-Spotted Surgeonfish
Acanthuridae;Acanthurus;japonicus;Japanese Surgeonfish
Acanthuridae;Acanthurus;leucocheilus;Pale-Lipped Surgeonfish
Acanthuridae;Acanthurus;leucosternon­;
Acanthuridae;Acanthurus;lineatus;Striped Surgeonfish
Acanthuridae;Acanthurus;mata;Yellowmask Surgeonfish
Acanthuridae;Acanthurus;nigricans;Whitecheek Surgeonfish
Acanthuridae;Acanthurus;nigricauda;Blackstreak Surgeonfish
Acanthuridae;Acanthurus;nigrofuscus;Dusky Surgeonfish
Acanthuridae;Acanthurus;nubilus;Dark Surgeonfish
Acanthuridae;Acanthurus;olivaceus;Orangeband Surgeonfish
Acanthuridae;Acanthurus;pyroferus;Mimic Surgeonfish
Acanthuridae;Acanthurus;sohal;Sohal Surgeonfish
Acanthuridae;Acanthurus;thompsoni;Thompson's Surgeonfish
Acanthuridae;Acanthurus;triostegus;Convict Surgeonfish
Acanthuridae;Acanthurus;xanthopterus;Yellowfin Surgeonfish
Gobiidae;Acentrogobius;cenderawasih;Cendarawasih Goby
Syngnathidae;Acentronura;breviperula;Shortpouch Pygmy Pipehorse
Monacanthidae;Acreichthys;radiatus;Radial Leatherjacket
Monacanthidae;Acreichthys;tomentosus;Bristle-Tailed Filefish
Centriscidae;Aeoliscus;strigatus;Hinged Shrimpfish
Epinephelidae;Aethaloperca;rogaa;Redmouth Grouper
Aetobatidae;Aetobatus;ocellatus;Spotted Eagle Ray
Microdesmidae;Aioliops;novaeguineae;Mini Dartfish
Blenniidae;Alloblennius;jugularis;Jugular Blenny
Blenniidae;Alloblennius;pictus;Bluebelly Blenny
Alopiidae;Alopias;pelagicus;Pelagic Thresher Shark
Blenniidae;Alticus;magnusi;Magnus' Blenny
Monacanthidae;Aluterus;monoceros;Unicorn leatherjacket filefish
Monacanthidae;Aluterus;scriptus;Scrawled Filefish
Monacanthidae;Amanses;scopas;Broom Filefish
Ambassidae;Ambassis;urotaenia;Banded-Tail Glassy
Ambassidae;Ambassis;vachellii;Vachell's Glassfish
Gobiidae;Amblyeleotris;arcupinna;Arcfin Shrimpgoby
Gobiidae;Amblyeleotris;diagonalis;Slantbar Shrimpgoby
Gobiidae;Amblyeleotris;fasciata;Variable Shrimpgoby Not Fasciatus
Gobiidae;Amblyeleotris;fontanesii;Giant Shrimpgoby
Gobiidae;Amblyeleotris;guttata;Spotted Shrimpgoby
Gobiidae;Amblyeleotris;gymnocephala;Nakedhead Shrimpgoby
Gobiidae;Amblyeleotris;latifasciata;Wide-Barred Shrimpgoby
Gobiidae;Amblyeleotris;masuii;Masui's Shrimpgoby
Gobiidae;Amblyeleotris;ogasawarensis;Redspotted Shrimpgoby
Gobiidae;Amblyeleotris;periophthalma;NA
Gobiidae;Amblyeleotris;randalli;Randalls Shrimpgoby
Gobiidae;Amblyeleotris;rubrimarginata;Red-Margin Shrimpgoby
Gobiidae;Amblyeleotris;species2;NA
Gobiidae;Amblyeleotris;steinitzi;Steinitz' Shrimpgoby
Gobiidae;Amblyeleotris;sungami;Magnus's Shrimpgoby
Gobiidae;Amblyeleotris;wheeleri;Barred Shrimpgoby
Gobiidae;Amblyeleotris;yanoi;Flagtail Shrimpgoby
Pomacentridae;Amblyglyphidodon;aureus;Golden Damsel
Pomacentridae;Amblyglyphidodon;batunaorum;Batunas Damselfish
Pomacentridae;Amblyglyphidodon;curacao;Staghorn Damsel
Pomacentridae;Amblyglyphidodon;flavilatus;Yellowside Damsel
Pomacentridae;Amblyglyphidodon;flavopurpureus;Cenderawasih Damselfish
Pomacentridae;Amblyglyphidodon;indicus;Pale Damselfish
Pomacentridae;Amblyglyphidodon;leucogaster;White-Belly Damsel
Pomacentridae;Amblyglyphidodon;ternatensis;Ternate Damselfish
Gobiidae;Amblygobius;albimaculatus;Tailspot Goby
Gobiidae;Amblygobius;calvatus;Baldhead Siltgoby
Gobiidae;Amblygobius;decussatus;Crosshatch Goby
Gobiidae;Amblygobius;esakiae;Snoutspot Goby
Gobiidae;Amblygobius;nocturnus;Orange-Striped Goby
Gobiidae;Amblygobius;phalaena;Whitebarred Goby
Gobiidae;Amblygobius;semicinctus;Halfbanded Goby
Gobiidae;Amblygobius;sphynx;Sphynx Goby
Pomacentridae;Amblypomacentrus;breviceps;Black-Banded Demoiselle
Pomacentridae;Amblypomacentrus;clarus;Banggai Damselfish
Labridae;Ammolabrus;dicrus;Sand Wrasse
Pomacentridae;Amphiprion;biaculeatus;Spinecheek Anemonefish
Pomacentridae;Amphiprion;bicinctus;Twoband Anemonefish
Pomacentridae;Amphiprion;clarkii;Clark's Anemonefish
Pomacentridae;Amphiprion;frenatus;Tomato Anemonefish - Red
Pomacentridae;Amphiprion;melanopus;Red And Black Anemonefish
Pomacentridae;Amphiprion;ocellaris;False Clown Anemonefish
Pomacentridae;Amphiprion;percula;Clown Anemonefish
Pomacentridae;Amphiprion;perideraion;Pink Anemonefish
Pomacentridae;Amphiprion;polymnus;Saddleback Anemonefish
Pomacentridae;Amphiprion;sandaracinos;Orange Anemonefish
Labridae;Anampses;caeruleopunctatus;Bluespotted Wrasse
Labridae;Anampses;geographicus;Geographic Wrasse
Labridae;Anampses;lineatus;Lined Wrasse
Labridae;Anampses;melanurus;White-Spotted Wrasse
Labridae;Anampses;meleagrides;Yellowtail Wrasse
Labridae;Anampses;twistii;Yellowbreasted Wrasse
Callionymidae;Anaora;tentaculata;Leafy Dragonet
Antennariidae;Antennarius;commerson;Giant Frogfish
Antennariidae;Antennarius;hispidus;Hispid Frogfish
Antennariidae;Antennarius;maculatus;Warty Frogfish
Antennariidae;Antennarius;pictus;Painted Frogfish
Antennariidae;Antennarius;striatus;Striated Frogfish
Epinephelidae;Anyperodon;leucogrammicus;Slender Grouper
Cyprinodontidae;Aphaniops;dispar;Arabian Pupfish
Lutjanidae;Aphareus;furca;Smalltooth Jobfish
Lutjanidae;Aphareus;rutilans;Rusty Jobfish
Apogonidae;Apogon;ceramensis;Mangrove Cardinalfish
Apogonidae;Apogon;doryssa;Longspine Cardinalfish
Apogonidae;Apogon;erythrosoma;Redmouth Cardinalfish
Apogonidae;Apogon;luteus;
Apogonidae;Apogonichthyoides;pharaonis;Pharao Cardinalfish
Apogonidae;Apogonichthyoides;taeniatus;Twobelt Cardinalfish
Pomacanthidae;Apolemichthys;trimaculatus;Three-Spot Angelfish
Lutjanidae;Aprion;virescens;Green Jobfish
Ophichthidae;Apterichtus;klazingai;Sharpsnout Snake Eel
Apogonidae;Archamia;bleekeri;Bleeker's Cardinalfish
Gobiidae;Arcygobius;baliurus;NA
Congridae;Ariosoma;anagoides;Bigeye Conger
Tetraodontidae;Arothron;caeruleopunctatus;Blue-Spotted Puffer
Tetraodontidae;Arothron;diadematus;Masked Puffer
Tetraodontidae;Arothron;hispidus;Whitespotted Puffer
Tetraodontidae;Arothron;immaculatus;Immaculate Puffer
Tetraodontidae;Arothron;manilensis;Striped Puffer
Tetraodontidae;Arothron;mappa;Map Puffer
Tetraodontidae;Arothron;nigropunctatus;Blackspotted Puffer
Tetraodontidae;Arothron;stellatus;Starry Puffer
Blenniidae;Aspidontus;dussumieri;Lance Blenny
Blenniidae;Aspidontus;taeniatus;Cleaner Mimic
Bothidae;Asterorhombus;cocosensis;Cocos Island Flounder
Bothidae;Asterorhombus;filifer;Longlure Flounder
Bothidae;Asterorhombus;intermedius;Blotched Flounder
Gobiidae;Asterropteryx;bipunctata;Twinspot Goby
Gobiidae;Asterropteryx;ensifera;Bluedot Goby
Gobiidae;Asterropteryx;ovata;Oval-Spot Goby
Gobiidae;Asterropteryx;semipunctata;Starry Goby
Gobiidae;Asterropteryx;striata;Striped Goby
Scyliorhinidae;Atelomycterus;marmoratus;Coral Catshark
Atherinidae;Atherinomorus;lacunosus;Robust Silverside
Blenniidae;Atrosalarias;fuscus;Brown Coral Blenny
Carangidae;Atule;mate;Yellowtail Scad
Aulostomidae;Aulostomus;chinensis;Trumpetfish
Pomacentridae;Azurina;elerae;Twinspot Chromis
Pomacentridae;Azurina;lepidolepis;Scaly Chromis
Balistidae;Balistapus;undulatus;Orange-Lined Triggerfish
Balistidae;Balistoides;conspicillum;Clown Triggerfish
Balistidae;Balistoides;viridescens;Titan Triggerfish
Gobiidae;Bathygobius;mero;Sponge Frillgoby
Dasyatidae;Bathytoshia;lata;Black Stingray
Liopropomatidae;Belonoperca;chabanaudi;Arrowhead Soapfish
Blenniidae;Blenniella;chrysospilos;Red-Spotted Blenniella
Blenniidae;Blenniella;periophthalmus;Blue-dashed Rockskipper
Labridae;Bodianus;anthioides;Lyretail Hogfish
Labridae;Bodianus;axillaris;Axilspot Hogfish
Labridae;Bodianus;bilunulatus;Saddleback Hogfish
Labridae;Bodianus;diana;Diana's Hogfish
Labridae;Bodianus;dictynna;Redfin Hogfish
Labridae;Bodianus;mesothorax;Blackbelt Hogfish
Labridae-Sc;Bolbometopon;muricatum;Bumphead Parrotfish
Bothidae;Bothus;mancus;Peacock Flounder
Bothidae;Bothus;pantherinus;Panther Flounder
Monacanthidae;Brachaluteres;taylori;Puffer Filefish
Soleidae;Brachirus;aspilos;Dusky Sole
Ophichthidae;Brachysomophis;cirrocheilos;Stargazer Snake Eel
Ophichthidae;Brachysomophis;henshawi;Reptilian Snake Eel
Gobiidae;Bryaninops;amplus;Large Whip Goby
Gobiidae;Bryaninops;loki;Loki Whip Goby
Gobiidae;Bryaninops;natans;Redeye Goby
Gobiidae;Bryaninops;ridens;Ridens Goby
Gobiidae;Bryaninops;spongicolus;Sponge Goby
Gobiidae;Bryaninops;tigris;Blackcoral Whipgoby
Gobiidae;Bryaninops;yongei;Wire Coral Goby
Syngnathidae;Bulbonaricus;davaoensis;Davao Pughead Pipefish
Lutjanidae;Caesio;caerulaurea;Scissortail Fusilier
Lutjanidae;Caesio;cuning;Yellowtail Fusilier
Lutjanidae;Caesio;lunaris;Lunar Fusilier
Lutjanidae;Caesio;striata;Striated Fusilier
Lutjanidae;Caesio;suevica;Red Sea Fusilier
Lutjanidae;Caesio;teres;Blue-And-Yellow Fusilier
Lutjanidae;Caesio;varilineata;Variable-Lined Fusilier
Ophichthidae;Callechelys;marmorata;Marbled Snake Eel
Callionymidae;Callionymus;delicatulus;Delicate Dragonet
Callionymidae;Callionymus;enneactis;Common Dragonet
Callionymidae;Callionymus;zythros;Wongat Dragonet
Plesiopidae;Calloplesiops;altivelis;Comet
Labridae-Sc;Calotomus;carolinus;Star-eye Parrotfish
Labridae-Sc;Calotomus;viridescens;Viridescent Parrotfish
Syngnathidae;Campichthys;tryoni;Tryon's Pipefish
Monacanthidae;Cantherhines;dumerilii;Yelloweye Filefish
Monacanthidae;Cantherhines;fronticinctus;Spectacled Filefish
Monacanthidae;Cantherhines;pardalis;Honeycomb Filefish
Balistidae;Canthidermis;maculata;Oceanic Triggerfish
Tetraodontidae;Canthigaster;axiologus;Pacific Crown Toby
Tetraodontidae;Canthigaster;bennetti;Bennett's Toby
Tetraodontidae;Canthigaster;compressa;Fingerprint Toby
Tetraodontidae;Canthigaster;coronata;Crown Toby
Tetraodontidae;Canthigaster;cyanospilota;Blue-spotted Toby
Tetraodontidae;Canthigaster;epilampra;Lantern Toby
Tetraodontidae;Canthigaster;janthinoptera;Green-Spotted Toby
Tetraodontidae;Canthigaster;margaritata;Red Sea Toby
Tetraodontidae;Canthigaster;papua;Papuan Toby
Tetraodontidae;Canthigaster;pygmaea;Pygmy Toby
Tetraodontidae;Canthigaster;solandri;Solander's Toby
Tetraodontidae;Canthigaster;valentini;Black-Saddled Toby
Carangidae;Carangichthys;oblongus;
Carangidae;Carangoides;armatus;
Carangidae;Carangoides;orthogrammus;
Carangidae;Caranx;ignobilis;Giant Trevally
Carangidae;Caranx;melampygus;Bluefin Trevally
Carangidae;Caranx;sexfasciatus;Bigeye Trevally
Carcharhinidae;Carcharhinus;melanopterus;Blacktip Reef Shark
Carcharhinidae;Carcharias;taurus;Sand Tiger Grey Nurse
Centriscidae;Centriscus;scutatus;Rigid Shrimpfish
Pomacanthidae;Centropyge;bicolor;Bicolor Angelfish
Pomacanthidae;Centropyge;bispinosa;Two-Spined Angelfish
Pomacanthidae;Centropyge;fisheri;NA
Pomacanthidae;Centropyge;multifasciata;Multi-Barred Angelfish
Pomacanthidae;Centropyge;multispinis;Many-Spined Angelfish
Pomacanthidae;Centropyge;nox;Midnight Angelfish
Pomacanthidae;Centropyge;tibicen;Keyhole Angelfish
Pomacanthidae;Centropyge;vrolikii;Pearl-Scaled Angelfish
Epinephelidae;Cephalopholis;argus;Peacock Grouper
Epinephelidae;Cephalopholis;boenak;Chocolate Grouper
Epinephelidae;Cephalopholis;cyanostigma;Bluespotted Grouper
Epinephelidae;Cephalopholis;hemistiktos;Yellowfin Hind
Epinephelidae;Cephalopholis;leopardus;Leopard Grouper
Epinephelidae;Cephalopholis;microprion;Freckled Grouper
Epinephelidae;Cephalopholis;miniata;Coral Hind
Epinephelidae;Cephalopholis;sexmaculata;Sixspot Grouper
Epinephelidae;Cephalopholis;spiloparaea;Strawberry Grouper
Epinephelidae;Cephalopholis;urodeta;Flagtail Grouper
Labridae-Sc;Cetoscarus;bicolor;Bicolor Parrotfish
Labridae-Sc;Cetoscarus;ocellatus;Spotted Parrotfish
Chaetodontidae;Chaetodon;adiergastos;Panda Butterflyfish
Chaetodontidae;Chaetodon;auriga;Threadfin Butterflyfish
Chaetodontidae;Chaetodon;austriacus;Exquisite Butterflyfish
Chaetodontidae;Chaetodon;baronessa;Eastern Triangular Butterflyfish
Chaetodontidae;Chaetodon;bennetti;Eclipse Butterflyfish
Chaetodontidae;Chaetodon;citrinellus;Speckled Butterflyfish
Chaetodontidae;Chaetodon;ephippium;Saddled Butterflyfish
Chaetodontidae;Chaetodon;fasciatus;Diagonal Butterflyfish
Chaetodontidae;Chaetodon;guentheri;Yellowrimmed Butterflyfish
Chaetodontidae;Chaetodon;kleinii;Klein's Butterflyfish
Chaetodontidae;Chaetodon;larvatus;Hooded Butterflyfish
Chaetodontidae;Chaetodon;lineolatus;Lined Butterflyfish
Chaetodontidae;Chaetodon;lunula;Raccoon Butterflyfish
Chaetodontidae;Chaetodon;lunulatus;Redfin Butterflyfish
Chaetodontidae;Chaetodon;melannotus;Black-Backed Butterflyfish
Chaetodontidae;Chaetodon;mesoleucos;Whiteface Butterflyfish
Chaetodontidae;Chaetodon;meyeri;Meyer's Butterflyfish
Chaetodontidae;Chaetodon;ocellicaudus;Spot-Tail Butterflyfish
Chaetodontidae;Chaetodon;octofasciatus;Eight-Banded Butterflyfish
Chaetodontidae;Chaetodon;ornatissimus;Ornate Butterflyfish
Chaetodontidae;Chaetodon;paucifasciatus;Crown Butterflyfish
Chaetodontidae;Chaetodon;plebeius;Blue-Spot Butterflyfish
Chaetodontidae;Chaetodon;punctatofasciatus;Spotbanded Butterflyfish
Chaetodontidae;Chaetodon;rafflesii;Latticed Butterflyfish
Chaetodontidae;Chaetodon;reticulatus;Mailed Butterflyfish
Chaetodontidae;Chaetodon;semeion;Semion Dotted Butterflyfish
Chaetodontidae;Chaetodon;semilarvatus;Bluecheek Butterflyfish
Chaetodontidae;Chaetodon;speculum;Oval-Spot Butterflyfish
Chaetodontidae;Chaetodon;trifascialis;Chevroned Butterflyfish
Chaetodontidae;Chaetodon;trifasciatus;Indian Redfin Butterflyfish
Chaetodontidae;Chaetodon;ulietensis;Double-Saddle Butterflyfish
Chaetodontidae;Chaetodon;unimaculatus;Teardrop Butterflyfish
Chaetodontidae;Chaetodon;vagabundus;Vagabond Butterflyfish
Chaetodontidae;Chaetodon;xanthurus;Pearlscale Butterflyfish
Pomacanthidae;Chaetodontoplus;dimidiatus;Pewter Angelfish
Pomacanthidae;Chaetodontoplus;duboulayi;Scribbled Angelfish
Pomacanthidae;Chaetodontoplus;mesoleucus;Vermiculated Angelfish
Pomacanthidae;Chaetodontoplus;poliourus;Greytail Angelfish
Chanidae;Chanos;chanos;Milkfish
Labridae;Cheilinus;abudjubbe;Abudjubbe Wrasse
Labridae;Cheilinus;chlorourus;Floral Wrasse
Labridae;Cheilinus;fasciatus;Redbreasted Wrasse
Labridae;Cheilinus;lunulatus;Broomtail Wrasse
Labridae;Cheilinus;oxycephalus;Snooty Wrasse
Labridae;Cheilinus;quinquecinctus;Whitebarred Wrasse
Labridae;Cheilinus;trilobatus;Tripletail Wrasse
Labridae;Cheilinus;undulatus;Humphead-Napoleon Wrasse
Labridae;Cheilio;inermis;Cigar Wrasse
Apogonidae;Cheilodipterus;alleni;Allen's Cardinalfish
Apogonidae;Cheilodipterus;artus;Wolf Cardinalfish
Apogonidae;Cheilodipterus;intermedius;Intermediate Cardinalfish
Apogonidae;Cheilodipterus;isostigma;Toothy Cardinalfish
Apogonidae;Cheilodipterus;lachneri;Aqaba Cardinalfish
Apogonidae;Cheilodipterus;macrodon;Tiger Cardinalfish
Apogonidae;Cheilodipterus;nigrotaeniatus;Mimic Cardinalfish
Apogonidae;Cheilodipterus;novemstriatus;Indian Ocean Twospot Cardinalfish
Apogonidae;Cheilodipterus;persicus;Persian Cardinalfish
Apogonidae;Cheilodipterus;quinquelineatus;Fivelined Cardinalfish
Apogonidae;Cheilodipterus;singapurensis;Truncate Cardinalfish
Pomacentridae;Cheiloprion;labiatus;NA
Chaetodontidae;Chelmon;rostratus;Long-Beaked Coralfish
Diodontidae;Chilomycterus;reticulatus;Spotted Burrfish
Pseudochromidae;Chlidichthys;auratus;Golden Dottyback
Labridae-Sc;Chlorurus;bleekeri;Bleeker's Parrotfish
Labridae-Sc;Chlorurus;capistratoides;Indian Parrotfish
Labridae-Sc;Chlorurus;genazonatus;Purplestreak Parrotfish
Labridae-Sc;Chlorurus;gibbus;Heavybeak Parrotfish
Labridae-Sc;Chlorurus;microrhinos;Pacific Steephead Parrotfish
Labridae-Sc;Chlorurus;sordidus;Bullethead Parrotfish
Labridae-Sc;Chlorurus;spilurus;Eastern Bullethead Parrotfish
Labridae-Sc;Chlorurus;strongylocephalus;Steephead Parrotfish
Labridae;Choerodon;anchorago;Anchor Tuskfish
Labridae;Choerodon;schoenleinii;Blackspot Tuskfish
Labridae;Choerodon;typus;NA
Labridae;Choerodon;zosterophorus;Blackblotch Tuskfish
Epinephelidae;Chromileptes;altivelis;Barramundi
Pomacentridae;Chromis;alpha;Yellowspotted Chromis
Pomacentridae;Chromis;analis;Yellow Chromis
Pomacentridae;Chromis;atripectoralis;Black-Axil Chromis
Pomacentridae;Chromis;flavaxilla;Arabian Chromis
Pomacentridae;Chromis;opercularis;Doublebar Chromis
Pomacentridae;Chromis;pembae;Yellow-Edge Chromis
Pomacentridae;Chromis;scotochiloptera;Philippine Chromis
Pomacentridae;Chromis;ternatensis;Ternate Chromis
Pomacentridae;Chromis;trialpha;Trispot Chromis
Pomacentridae;Chromis;viridis;Blue-Green Chromis
Pomacentridae;Chromis;weberi;Weber's Chromis
Pomacentridae;Chromis;xanthochira;Yellow-Axil Chromis
Pomacentridae;Chromis;xanthura;Pail-Tail Chromis
Pomacentridae;Chromis;xouthos;Yellow-Brown Chromis
Pomacentridae;Chrysiptera;annulatus;NA
Pomacentridae;Chrysiptera;arnazae;Arnaz's Damselfish
Pomacentridae;Chrysiptera;biocellata;Twospot Damselfish
Pomacentridae;Chrysiptera;bleekeri;Bleeker's Damselfish
Pomacentridae;Chrysiptera;brownriggii;Surge Damselfish Indian Ocean
Pomacentridae;Chrysiptera;cyanea;Blue Devil
Pomacentridae;Chrysiptera;hemicyanea;Azure Damselfish
Pomacentridae;Chrysiptera;leucopomus;Pacific Surge Damsel
Pomacentridae;Chrysiptera;rollandi;Rolland's Damselfish
Pomacentridae;Chrysiptera;springeri;Springer's Demoiselle
Pomacentridae;Chrysiptera;talboti;Talbot's Demoiselle
Pomacentridae;Chrysiptera;unimaculata;Onespot Damsel
Labridae;Cirrhilabrus;cyanopleura;Bluesided Wrasse
Labridae;Cirrhilabrus;exquisitus;Exquisite Wrasse
Labridae;Cirrhilabrus;lubbocki;Yellowback Wrasse
Labridae;Cirrhilabrus;rubripinnis;Redfin Wrasse
Labridae;Cirrhilabrus;rubriventralis;Longfin fairy Wrasse
Labridae;Cirrhilabrus;ryukyuensis;Ryukyu Faiy-Wrasse
Labridae;Cirrhilabrus;solorensis;Solor Wrasse
Labridae;Cirrhilabrus;tonozukai;Irian Jaya Wrasse
Cirrhitidae;Cirrhitichthys;aprinus;Threadfin Hawkfish
Cirrhitidae;Cirrhitichthys;falco;Dwarf Hawkfish
Cirrhitidae;Cirrhitichthys;oxycephalus;Pixy Hawkfish
Cirrhitidae;Cirrhitus;pinnulatus;Stocky Hawkfish
Cirrhitidae;Cirrhitus;spilotoceps;NA
Blenniidae;Cirripectes;castaneus;Chestnut Blenny
Blenniidae;Cirripectes;filamentosus;Filamentous Blenny
Blenniidae;Cirripectes;imitator;Imitator Blenny
Blenniidae;Cirripectes;polyzona;Barred Blenny
Blenniidae;Cirripectes;springeri;Springers Blenny
Blenniidae;Cirripectes;stigmaticus;Red-Streaked Blenny
Platycephalidae;Cociella;punctata;Spotted Flathead
Congridae;Conger;cinereus;Moustache Conger
Chaetodontidae;Coradion;altivelis;Highfin Coralfish
Chaetodontidae;Coradion;chrysozonus;Orange-Banded Coralfish
Chaetodontidae;Coradion;melanopus;Two-Spot Coralfish
Labridae;Coris;aygula;Clown Coris
Labridae;Coris;batuensis;Batu Coris
Labridae;Coris;caudimacula;Spottail Coris
Labridae;Coris;cuvieri;African Wrasse
Labridae;Coris;dorsomacula;Pale-Barred Coris
Labridae;Coris;gaimard;Yellowtail Coris
Labridae;Coris;pictoides;Pixie Coris
Labridae;Coris;variegata;Dapple Coris
Syngnathidae;Corythoichthys;flavofasciatus;Network Pipefish
Syngnathidae;Corythoichthys;haematopterus;Reeftop Pipefish
Syngnathidae;Corythoichthys;intestinalis;Messmate Pipefish
Syngnathidae;Corythoichthys;nigripectus;Red Sea Pipefish
Syngnathidae;Corythoichthys;ocellatus;Orange-spotted Pipefish
Syngnathidae;Corythoichthys;schultzi;Guilded Pipefish
Carangidae;Craterognathus;plagiotaenia;Barcheek Trevally
Sparidae;Crenidens;crenidens;Karanteen Seabream
Blenniidae;Crossosalarias;macrospilus;Triplespot Blenny
Gobiidae;Cryptocentrus;albidorsus;Whiteback Shrimpgoby
Gobiidae;Cryptocentrus;caeruleomaculatus;Blue-Speckled Shrimpgoby
Gobiidae;Cryptocentrus;caeruleopunctatus;Harlequin Shrimpgoby
Gobiidae;Cryptocentrus;cinctus;Banded Shrimpgoby
Gobiidae;Cryptocentrus;cryptocentrus;Ninebar Shrimpgoby
Gobiidae;Cryptocentrus;cyanospilotus;Black Shrimpgoby
Gobiidae;Cryptocentrus;fasciatus;Barred Shrimpgoby
Gobiidae;Cryptocentrus;inexplicatus;Inexplicable Goby
Gobiidae;Cryptocentrus;leptocephalus;Pink-Spotted Shrimpgoby
Gobiidae;Cryptocentrus;leucostictus;Saddled Shrimpgoby
Gobiidae;Cryptocentrus;lutheri;Luther's Prawn-Goby
Gobiidae;Cryptocentrus;maudae;Maudes Shrimpgoby Ok
Gobiidae;Cryptocentrus;sericus;Ventral-Barred Shrimpgoby
Gobiidae;Cryptocentrus;strigilliceps;Target Shrimpgoby
Acanthuridae;Ctenochaetus;binotatus;Twospot Bristletooth
Acanthuridae;Ctenochaetus;cyanocheilus;Bluelip Bristletooth
Acanthuridae;Ctenochaetus;striatus;Lined Bristletooth
Acanthuridae;Ctenochaetus;tominiensis;Orangetip Bristletooth
Acanthuridae;Ctenochaetus;truncatus;Indian Gold-Ring Bristletooth
Gobiidae;Ctenogobiops;aurocingulus;Gold-Streaked Shrimpgoby
Gobiidae;Ctenogobiops;crocineus;Silverstreak Shrimpgoby
Gobiidae;Ctenogobiops;feroculus;Fierce Shrimpgoby
Gobiidae;Ctenogobiops;maculosus;Silverspot Shrimpgoby
Gobiidae;Ctenogobiops;mitodes;Thread Shrimpgoby
Gobiidae;Ctenogobiops;pomastictus;Gold-Speckled Shrimpgoby
Gobiidae;Ctenogobiops;tangaroai;Tangaroa Shrimpgoby
Diodontidae;Cyclichthys;orbicularis;Orbicular Burrfish
Diodontidae;Cyclichthys;spilostylus;Yellowspotted Burrfish
Platycephalidae;Cymbacephalus;beauforti;Crocodile Flathead
Platycephalidae;Cymbacephalus;bosschei;Smalleyed Flathead
Labridae;Cymolutes;praetextatus;Knife Wrasse
Labridae;Cymolutes;torquatus;Razor Wrasse
Pseudochromidae;Cypho;zaps;Checkered Dottyback
Cirrhitidae;Cyprinocirrhites;polyactis;Lyretail Hawkfish
Dactylopteridae;Dactyloptena;orientalis;Flying Gurnard
Callionymidae;Dactylopus;dactylopus;Fingered Dragonet
Callionymidae;Dactylopus;kuiteri;Orange And Black Dragonet
Pomacentridae;Dascyllus;abudafur;Indian Ocean Humbug
Pomacentridae;Dascyllus;aruanus;Humbug
Pomacentridae;Dascyllus;carneus;Indian Dascyllus
Pomacentridae;Dascyllus;marginatus;Marginate Dascyllus
Pomacentridae;Dascyllus;melanurus;Black-Tailed Dascyllus
Pomacentridae;Dascyllus;reticulatus;Reticulated Dascyllus
Pomacentridae;Dascyllus;trimaculatus;Three-Spot Dascyllus
Carangidae;Decapterus;macarellus;Mackerel Scad
Carangidae;Decapterus;macrosoma;Slender Scad
Scorpaenidae;Dendrochirus;biocellatus;Twinspot Lionfish
Scorpaenidae;Dendrochirus;brachypterus;Dwarf Lionfish
Scorpaenidae;Dendrochirus;hemprichi;Red Sea Dwarf Lionfish
Scorpaenidae;Dendrochirus;zebra;Zebra Lionfish
Gobiesocidae;Diademichthys;lineatus;Urchin Clingfish
Haemulidae;Diagramma;melanacrum;Blackfin Sweetlips
Haemulidae;Diagramma;pictum;Silver Sweetlips
Diodontidae;Diodon;holocanthus;Balloonfish
Diodontidae;Diodon;hystrix;Porcupinefish
Diodontidae;Diodon;liturosus;Blackblotched Porcupinefish
Sparidae;Diplodus;noct;Red Sea Seabream
Callionymidae;Diplogrammus;goramensis;Goram Dragonet
Callionymidae;Diplogrammus;randalli;Randall's Dragonet
Liopropomatidae;Diploprion;bifasciatum;Barred Soapfish
Liopropomatidae;Diploprion;drachi;Yellowfin Soapfish
Labridae;Diproctacanthus;xanthurus;Yellowtail Tubelip
Pomacentridae;Dischistodus;chrysopoecilus;Pale-Spot Damselfish
Pomacentridae;Dischistodus;fasciatus;Banded Damsel
Pomacentridae;Dischistodus;melanotus;Black-Vent Damselfish
Pomacentridae;Dischistodus;perspicillatus;White Damsel
Pomacentridae;Dischistodus;prosopotaenia;Honey-Head Damselfish
Pomacentridae;Dischistodus;pseudochrysopoecilus;Monarch Damselfish
Gobiesocidae;Discotrema;monogrammum;Oneline Clingfish
Syngnathidae;Doryrhamphus;excisus;Bluestripe Pipefish
Syngnathidae;Doryrhamphus;japonicus;Honshu Pipefish
Syngnathidae;Dunckerocampus;boylei;Broad-Banded Pipefish
Syngnathidae;Dunckerocampus;dactyliophorus;Ringed Pipefish
Syngnathidae;Dunckerocampus;multiannulatus;Multibar Pipefish
Syngnathidae;Dunckerocampus;naia;Naia Pipefish
Syngnathidae;Dunckerocampus;pessuliferus;Orange-Banded Pipefish
Echeneidae;Echeneis;naucrates;Sharksucker
Muraenidae;Echidna;nebulosa;Snowflake Moray
Muraenidae;Echidna;polyzona;Barred Moray
Blenniidae;Ecsenius;aroni;Aron's Blenny
Blenniidae;Ecsenius;axelrodi;Clown Blenny
Blenniidae;Ecsenius;bandanus;Banda Blenny
Blenniidae;Ecsenius;bathi;Bath's Blenny
Blenniidae;Ecsenius;bicolor;Bicolor Blenny
Blenniidae;Ecsenius;bimaculatus;Twinspot Blenny
Blenniidae;Ecsenius;dentex;Dentex Blenny
Blenniidae;Ecsenius;gravieri;Red Sea Mimic Blenny
Blenniidae;Ecsenius;lividanalis;Blackass Combtooth Blenny
Blenniidae;Ecsenius;midas;Midas Combtooth Blenny
Blenniidae;Ecsenius;namiyei;Namiye's Combtooth Blenny
Blenniidae;Ecsenius;pictus;Pictus Blenny
Blenniidae;Ecsenius;schroederi;Spoke-Eye Blenny
Blenniidae;Ecsenius;stictus;Great Barrier Reef Blenny
Blenniidae;Ecsenius;stigmatura;Tailspot Blenny
Blenniidae;Ecsenius;trilineatus;Three-Lined Blenny
Blenniidae;Ecsenius;yaeyamaensis;Yaeyama Blenny
Carangidae;Elagatis;bipinnulata;Rainbow Runner
Mugilidae;Ellochelon;vaigiensis;Squaretail Mullet
Bothidae;Engyprosopon;grandisquama;Spot-tail Wide-eye Flounder
Bothidae;Engyprosopon;macrolepis;Largescale Dwarf Flounder
Tripterygiidae;Enneapterygius;abeli;Abel’s Triplefin
Tripterygiidae;Enneapterygius;hemimelas;Halfblack Triplefin
Tripterygiidae;Enneapterygius;qirmiz;Qirmiz Triplefin
Tripterygiidae;Enneapterygius;similis;Masked Triplefin
Labridae;Epibulus;brevis;Latent Slingjaw Wrasse
Labridae;Epibulus;insidiator;Slingjaw Wrasse
Epinephelidae;Epinephelus;areolatus;Aerolate Grouper
Epinephelidae;Epinephelus;bilobatus;Frostback Rockcod
Epinephelidae;Epinephelus;coioides;Orange-Spotted Grouper
Epinephelidae;Epinephelus;corallicola;Coral Grouper
Epinephelidae;Epinephelus;fasciatus;Blacktip Grouper
Epinephelidae;Epinephelus;fuscoguttatus;Brown-Marbled Grouper
Epinephelidae;Epinephelus;hexagonatus;Star-Spotted Grouper
Epinephelidae;Epinephelus;lanceolatus;Giant Grouper
Epinephelidae;Epinephelus;maculatus;Highfin Grouper
Epinephelidae;Epinephelus;malabaricus;Malabar Grouper
Epinephelidae;Epinephelus;merra;Honeycomb Grouper
Epinephelidae;Epinephelus;ongus;Speckled-Fin Grouper
Epinephelidae;Epinephelus;polyphekadion;Camouflage Grouper
Epinephelidae;Epinephelus;quoyanus;Longfin Grouper
Epinephelidae;Epinephelus;summana;Summan Grouper
Epinephelidae;Epinephelus;tauvina;Greasy Grouper
Orectolobidae;Eucrossorhinus;dasypogon;Tasselled Wobbegong
Plotosidae;Euristhmus;lepturus;Longtail Catfish
Pegasidae;Eurypegasus;draconis;Dragon Sea Moth
Scombridae;Euthynnus;affinis;Mackerel Tuna
Gobiidae;Eviota;ancora;Hookcheek Eviota
Gobiidae;Eviota;atriventris;Neon Eviota
Gobiidae;Eviota;bifasciata;Twostripe Eviota
Gobiidae;Eviota;cometa;Comet Eviota
Gobiidae;Eviota;fallax;Twin Eviota
Gobiidae;Eviota;fangi;NA
Gobiidae;Eviota;guttata;Spotted Eviota
Gobiidae;Eviota;latifasciata;Brown-Banded Eviota
Gobiidae;Eviota;marerubrum;Red Sea Eviota
Gobiidae;Eviota;melasma;Headspot Eviota
Gobiidae;Eviota;nigriventris;Blackbelly Eviota
Gobiidae;Eviota;oculopiperita;Pepperminteye Eviota
Gobiidae;Eviota;pictifacies;Paintedface Eviota
Gobiidae;Eviota;prasina;Rubble Eviota
Gobiidae;Eviota;prasites;Red-And-Whitespotted Eviota
Gobiidae;Eviota;punyit;Punyit Eviota
Gobiidae;Eviota;queenslandica;Queensland Eviota
Gobiidae;Eviota;rubrisparsa;Redspeckled Eviota
Gobiidae;Eviota;sebreei;Striped Eviota
Gobiidae;Eviota;shimadai;Shimada's Eviota
Gobiidae;Eviota;sigillata;Sign Eviota
Gobiidae;Eviota;storthynx;Rosy Eviota
Gobiidae;Eviota;teresae;Teresa's Eviota
Gobiidae;Eviota;zebrina;Zebra Eviota
Blenniidae;Exallias;brevis;Leopard Blenny
Gobiidae;Exyrias;akihito;Filamented Goby
Gobiidae;Exyrias;belissimus;Beautiful Goby
Gobiidae;Favonigobius;reichei;Reiche's Goby
Carangidae;Ferdauia;ferdau;Barred Trevally
Apogonidae;Fibramia;ceramensis;
Apogonidae;Fibramia;thermalis;Sangi Cardinalfish
Fistulariidae;Fistularia;commersonii;Bluespotted Cornetfish
Carangidae;Flavocaranx;bajad;Orange-Spotted Trevally
Apogonidae;Foa;fo;Weedy Cardinalfish
Chaetodontidae;Forcipiger;flavissimus;Forcepsfish
Chaetodontidae;Forcipiger;longirostris;Longnose Butterflyfish
Apogonidae;Fowleria;vaiulae;Mottled Cardinalfish
Gobiidae;Fusigobius;duospilus;Twospot Sandgoby
Gobiidae;Fusigobius;gracilis;Slender Sandgoby
Gobiidae;Fusigobius;humeralis;Shoulderspot Goby
Gobiidae;Fusigobius;inframaculatus;Innerspotted Sandgoby
Gobiidae;Fusigobius;longispinus;Orange-spotted Sandgoby
Gobiidae;Fusigobius;maximus;Large Sandgoby
Gobiidae;Fusigobius;melacron;Blacktip Sandgoby
Gobiidae;Fusigobius;neophytus;Neophyte Sandgoby
Gobiidae;Fusigobius;signipinnis;Signalfin Goby
Pomacanthidae;Genicanthus;caudovittatus;Zebra Angelfish
Pomacanthidae;Genicanthus;lamarck;Blackstriped Angelfish
Pomacanthidae;Genicanthus;melanospilos;Blackspot Angelfish
Gerreidae;Gerres;filamentosus;Whipfin Silverbiddy
Gerreidae;Gerres;longirostris;Smallscale Silverbiddy
Gerreidae;Gerres;oblongus;Slender Silverbiddy
Gerreidae;Gerres;oyena;Blacktip Silverbiddy
Gobiidae;Gladiogobius;ensifer;Bandit Goby
Gobiidae;Gladiogobius;rex;King Goby
Carangidae;Gnathanodon;speciosus;Golden Trevally Pilot Fish
Lethrinidae;Gnathodentex;aureolineatus;Striped Large-Eye Bream
Gobiidae;Gnatholepis;anjerensis;Shoulderspot Sandgoby
Gobiidae;Gnatholepis;caudimaculata;Tailspot Sandgoby
Gobiidae;Gnatholepis;cauerensis;Shoulderspot Goby
Gobiidae;Gnatholepis;yoshinoi;Yoshino's Sandgoby
Gobiidae;Gobiodon;bilineatus;Two-lined Coralgoby
Gobiidae;Gobiodon;ceramensis;Ceram Coralgoby
Gobiidae;Gobiodon;citrinus;Lemon Goby
Gobiidae;Gobiodon;okinawae;NA
Gobiidae;Gobiodon;prolixus;Elongate Coralgoby
Labridae;Gomphosus;klunzingeri;Bird Wrasse
Labridae;Gomphosus;varius;Pacific Bird Wrasse
Congridae;Gorgasia;maculata;Common Garden Eel
Congridae;Gorgasia;naeocepaea;Freckled Garden Eel
Congridae;Gorgasia;preclara;Orange-Barred Garden Eel
Congridae;Gorgasia;sillneri;Red Sea Garden Eel
Epinephelidae;Gracila;albomarginata;Masked Grouper
Gobiidae;Grallenia;lipi;Lipi Goby
Scombridae;Grammatorcynus;bilineatus;Double-Lined Mackerel
Grammistidae;Grammistes;sexlineatus;Sixstriped Soapfish
Microdesmidae;Gunnellichthys;curiosus;Curious Wormfish
Microdesmidae;Gunnellichthys;monostigma;Onespot Wormfish
Microdesmidae;Gunnellichthys;viridescens;Orangestriped Wormfish
Lethrinidae;Gymnocranius;grandoculis;Blue-Lined Large-Eye Bream
Lethrinidae;Gymnocranius;griseus;Grey Large-Eye Bream
Lethrinidae;Gymnocranius;superciliosus;Eyebrowed Large-Eye Bream
Muraenidae;Gymnomuraena;zebra;Zebra Moray
Scombridae;Gymnosarda;unicolor;Dogtooth Tuna
Muraenidae;Gymnothorax;albimarginatus;Whitemargin Moray
Muraenidae;Gymnothorax;angusticauda;Narrowtail Moray
Muraenidae;Gymnothorax;buroensis;Vagrant moray
Muraenidae;Gymnothorax;chlamydatus;NA
Muraenidae;Gymnothorax;fimbriatus;Fimbriated Moray Eel
Muraenidae;Gymnothorax;flavimarginatus;Yellow-Margin Moray
Muraenidae;Gymnothorax;griseus;Grey Moray
Muraenidae;Gymnothorax;javanicus;Giant Moray
Muraenidae;Gymnothorax;meleagris;Whitemouth Moray
Muraenidae;Gymnothorax;minor;Minor Moray
Muraenidae;Gymnothorax;nudivomer;Yellowmouth Moray
Muraenidae;Gymnothorax;pictus;Peppered Moray
Muraenidae;Gymnothorax;pindae;Pinda Moray
Muraenidae;Gymnothorax;richardsonii;Richardsons Moray
Muraenidae;Gymnothorax;rueppelliae;Yellow-Headed Moray
Muraenidae;Gymnothorax;thyrsoideus;White-Eyed Moray
Muraenidae;Gymnothorax;undulatus;Undulated Moray
Muraenidae;Gymnothorax;zonipectis;Barred-Fin Moray
Syngnathidae;Halicampus;dunckeri;Duncker's Pipefish
Syngnathidae;Halicampus;macrorhynchus;Winged Pipefish
Syngnathidae;Halicampus;mataafae;Samoan Pipefish
Labridae;Halichoeres;argus;Argus Wrasse
Labridae;Halichoeres;binotopsis;Banded Rainbowfish
Labridae;Halichoeres;biocellatus;Twospot Wrasse
Labridae;Halichoeres;chloropterus;Pastel-Green Wrasse
Labridae;Halichoeres;chrysus;Canary Wrasse
Labridae;Halichoeres;erdmanni;Erdmanns Wrasse
Labridae;Halichoeres;hartzfeldii;Hartzfeld's Wrasse
Labridae;Halichoeres;hortulanus;Checkerboard Wrasse
Labridae;Halichoeres;leucurus;Chain-Lined Wrasse
Labridae;Halichoeres;margaritaceus;Weedy Surge Wrasse
Labridae;Halichoeres;marginatus;Dusky Wrasse
Labridae;Halichoeres;melanochir;Orangefin Wrasse
Labridae;Halichoeres;melanurus;Tailspot Wrasse
Labridae;Halichoeres;melasmapomus;Black-eared Wrasse
Labridae;Halichoeres;nebulosus;Cloud Wrasse
Labridae;Halichoeres;nigrescens;Bubblefin Wrasse
Labridae;Halichoeres;papilionaceus;Seagrass Wrasse
Labridae;Halichoeres;podostigma;Axilspot Wrasse
Labridae;Halichoeres;prosopeion;Twotone Wrasse
Labridae;Halichoeres;richmondi;Richmond's Wrasse
Labridae;Halichoeres;scapularis;Zigzag Wrasse
Labridae;Halichoeres;solorensis;Yellowface Wrasse
Labridae;Halichoeres;zeylonicus;Sri Lankan Wrasse Only
Batrachoididae;Halophyme;diemensis;
Batrachoididae;Halophyme;hutchinsi;
Gobiidae;Hazeus;diacanthus;NA
Tripterygiidae;Helcogramma;steinitzi;Red Triplefin
Tripterygiidae;Helcogramma;striata;Striped Threefin
Pomacentridae;Hemiglyphidodon;plagiometopon;Lagoon Damselfish
Labridae;Hemigymnus;fasciatus;Barred Thicklip
Labridae;Hemigymnus;melapterus;Blackeye Thicklip
Labridae;Hemigymnus;sexfasciatus;Sixbar Thicklip
Hemigaleidae;Hemipristis;elongata;Snaggletooth Shark
Hemiramphidae;Hemiramphus;far;Black-barred Halfbeak
Hemiscyllidae;Hemiscyllium;machaeli;NA
Chaetodontidae;Hemitaurichthys;polylepis;Pyramid Butterflyfish
Chaetodontidae;Heniochus;acuminatus;Longfin Bannerfish
Chaetodontidae;Heniochus;chrysostomus;Pennant Bannerfish
Chaetodontidae;Heniochus;diphreutes;Schooling Bannerfish
Chaetodontidae;Heniochus;intermedius;Red Sea Bannerfish
Chaetodontidae;Heniochus;monoceros;Masked Bannerfish
Chaetodontidae;Heniochus;singularius;Singular Bannerfish
Chaetodontidae;Heniochus;varius;Humphead Bannerfish
Clupeidae;Herklotsichthys;punctatus;Spotback Herring
Clupeidae;Herklotsichthys;quadrimaculatus;Goldspot Herring
Congridae;Heteroconger;hassi;Spotted Garden Eel
Congridae;Heteroconger;perissodon;Manytooth Garden Eel
Congridae;Heteroconger;taylori;Taylors Garden Eel
Syngnathidae;Hippocampus;bargibanti;Bargibanti Pygmy Seahorse
Syngnathidae;Hippocampus;curvicuspis;New Caledonian Thorny Seahorse
Syngnathidae;Hippocampus;denise;Denise's Pygmy Seahorse
Syngnathidae;Hippocampus;histrix;Thorny Seahorse
Syngnathidae;Hippocampus;jayakari;Jayakar's Seahorse
Syngnathidae;Hippocampus;kampylotrachelos;NA
Syngnathidae;Hippocampus;kuda;Estuary Seahorse
Syngnathidae;Hippocampus;pontohi;Weedi Pygmy Seahorse
Syngnathidae;Hippocampus;spinosissimus;Hedgehog Seahorse
Labridae-Sc;Hipposcarus;harid;Indian Ocean Longnose Parrotfish
Blenniidae;Hirculops;cornifer;Highbrow Rockskipper
Labridae;Hologymnosus;annulatus;Ring Wrasse
Labridae;Hologymnosus;doliatus;Pastel Ring Wrasse
Labridae;Hologymnosus;rhodonotus;Redback Ring Wrasse
Malacanthidae;Hoplolatilus;starcki;Starks Tilefish
Atherinidae;Hypoatherina;gobio;
Atherinidae;Hypoatherina;golanii;Red Sea Silverside
Hemiramphidae;Hyporhamphus;affinis;Tropical Halfbeak
Hemiramphidae;Hyporhamphus;dussumieri;Dussumier's Halfbeak
Hemiramphidae;Hyporhamphus;gamberur;Red Sea Halfbeak
Labridae;Iniistius;aneitensis;Whitepatch Razorfish
Labridae;Iniistius;dea;Faint-Barred Razorfish
Labridae;Iniistius;melanopus;Finspot Razorfish
Labridae;Iniistius;naevus;Blemished Razorfish
Labridae;Iniistius;pavo;Peacock Razorfish
Labridae;Iniistius;pentadactylus;Fivefinger Razorfish
Synanceiidae;Inimicus;didactylus;Spiny Devilfish
Synanceiidae;Inimicus;filamentosus;Two-Stick Stingfish
Blenniidae;Istiblennius;edentulus;Rippled Rockskipper
Blenniidae;Istiblennius;rivulatus;Orangelined Rockskipper
Gobiidae;Istigobius;decoratus;Decorated Sandgoby
Gobiidae;Istigobius;diadema;Spectacled Sandgoby
Gobiidae;Istigobius;goldmanni;Goldmann's Sandgoby
Gobiidae;Istigobius;nigroocellatus;Black-Spotted Sandgoby
Gobiidae;Istigobius;ornatus;Ornate Sandgoby
Gobiidae;Istigobius;perspicillatus;NA
Gobiidae;Istigobius;rigilius;Orangespotted Sandgoby
Gobiidae;Istigobius;spence;Reticulate Sandgoby
Scombridae;Katsuwonus;pelamis;"Skipjack Tuna,"
Gobiidae;Koumansetta;hoesei;Yellowstripe Goby
Gobiidae;Koumansetta;rainfordi;Old Glory
Kyphosidae;Kyphosus;bigibbus;Gray Drummer
Kyphosidae;Kyphosus;cinerascens;Topsail Drummer
Kyphosidae;Kyphosus;vaigiensis;Brassy Drummer
Pseudochromidae;Labracinus;cyclophthalmus;Firetail Dottyback
Labridae;Labrichthys;unilineatus;Tubelip Wrasse
Labridae;Labroides;bicolor;Bicolor Cleaner Wrasse
Labridae;Labroides;dimidiatus;Cleaner Wrasse
Labridae;Labroides;pectoralis;Breastspot Cleaner Wrasse
Labridae;Labropsis;alleni;Allens Tubelip
Labridae;Labropsis;manabei;Northern Tubelip
Ostraciidae;Lactoria;cornuta;Longhorn Cowfish
Ostraciidae;Lactoria;diaphana;Roundbelly Cowfish
Ostraciidae;Lactoria;fornasini;Thornback Cowfish
Labridae;Larabicus;quadrilineatus;"Fourline Wrasse, Arabian Cleaner"
Pomacentridae;Lepidozygus;tapeinosoma;Fusilier Damselfish
Lethrinidae;Lethrinus;amboinensis;Ambon Emperor
Lethrinidae;Lethrinus;atkinsoni;Yellowtail Emperor
Lethrinidae;Lethrinus;borbonicus;Snubnose Emperor
Lethrinidae;Lethrinus;erythracanthus;Orangespotted Emperor
Lethrinidae;Lethrinus;erythropterus;Longfin Emperor
Lethrinidae;Lethrinus;harak;Thumbprint Emperor
Lethrinidae;Lethrinus;mahsena;Sky Emperor
Lethrinidae;Lethrinus;microdon;Smalltooth Emperor
Lethrinidae;Lethrinus;miniatus;Trumpet Emperor
Lethrinidae;Lethrinus;nebulosus;Spangled Emperor
Lethrinidae;Lethrinus;obsoletus;Orange-Stripe Emperor
Lethrinidae;Lethrinus;olivaceus;Longface Emperor
Lethrinidae;Lethrinus;ornatus;Ornate Emperor
Lethrinidae;Lethrinus;semicinctus;Blackblotch Emperor
Lethrinidae;Lethrinus;xanthochilus;Yellowlip Emperor
Soleidae;Liachirus;melanospilos;NA
Liopropomatidae;Liopropoma;mitratum;NA
Gobiidae;Lotilia;graciliosa;Red Sea Whitecap Shrimpgoby
Gobiidae;Lotilia;klausewitzi;Pacific Whitecap Shrimpgoby
Gobiidae;Lubricogobius;exiguus;Yellow Pygmy Goby
Gobiidae;Lubricogobius;exiguus;Yellow Pygmy Goby
Gobiidae;Luposicya;lupus;Wolfsnout Goby
Lutjanidae;Lutjanus;argentimaculatus;Mangrove Snapper
Lutjanidae;Lutjanus;bengalensis;Bengal Snapper
Lutjanidae;Lutjanus;biguttatus;Two-Spot Snapper
Lutjanidae;Lutjanus;bohar;Twinspot Snapper
Lutjanidae;Lutjanus;boutton;Button Snapper
Lutjanidae;Lutjanus;carponotatus;Spanish Flag
Lutjanidae;Lutjanus;decussatus;Checkered Snapper
Lutjanidae;Lutjanus;ehrenbergii;Ehrenberg's Snapper
Lutjanidae;Lutjanus;fulviflamma;Longspot Snapper
Lutjanidae;Lutjanus;fulvus;Blacktail Snapper
Lutjanidae;Lutjanus;gibbus;Humpback Snapper
Lutjanidae;Lutjanus;kasmira;Bluestriped Snapper
Lutjanidae;Lutjanus;lutjanus;Bigeye Snapper
Lutjanidae;Lutjanus;madras;Indian Snapper
Lutjanidae;Lutjanus;monostigma;Onespot Snapper
Lutjanidae;Lutjanus;quinquelineatus;Five-Lined Snapper
Lutjanidae;Lutjanus;rivulatus;Speckled Snapper
Lutjanidae;Lutjanus;rufolineatus;Golden-Lined Snapper
Lutjanidae;Lutjanus;russellii;Russell's Snapper
Lutjanidae;Lutjanus;semicinctus;Black-Banded Snapper
Lutjanidae;Lutjanus;vitta;Brown Stripe Snapper
Lutjanidae;Macolor;macularis;Midnight Snapper
Lutjanidae;Macolor;niger;Black Snapper
Labridae;Macropharyngodon;bipartitus;Rare Wrasse
Labridae;Macropharyngodon;marisrubri;Vermiculate Wrasse
Labridae;Macropharyngodon;meleagris;Leopard Wrasse
Labridae;Macropharyngodon;negrosensis;Black Leopard Wrasse
Labridae;Macropharyngodon;ornatus;Ornate Leopard Wrasse
Gobiidae;Mahidolia;mystacina;Smiling Goby
Malacanthidae;Malacanthus;brevirostris;Flagtail Blanquillo
Malacanthidae;Malacanthus;latovittatus;Blue Blanquillo
Pseudochromidae;Manonichthys;alleni;Sabah Dottyback
Pseudochromidae;Manonichthys;polynemus;Longfin Dottyback
Pseudochromidae;Manonichthys;splendens;Spendid Dottyback
Megalopidae;Megalops;cyprinoides;Pacific Tarpon
Blenniidae;Meiacanthus;atrodorsalis;Yellowtail Fangblenny
Blenniidae;Meiacanthus;crinitus;Hairytail Fangblenny
Blenniidae;Meiacanthus;grammistes;Striped Fangblenny
Blenniidae;Meiacanthus;nigrolineatus;Blackline Fangblenny
Balistidae;Melichthys;niger;Black Triggerfish
Balistidae;Melichthys;vidua;Pink-Tailed Triggerfish
Syngnathidae;Micrognathus;andersonii;Short-Snouted Pipefish
Syngnathidae;Micrognathus;natans;Offshore Pipefish
Blenniidae;Mimoblennius;atrocinctus;Banded Blenny
Blenniidae;Mimoblennius;cirrosus;Fringed Blenny
Anthiadidae;Mirolabrichthys;pascalus;Purple Queen Anthias
Anthiadidae;Mirolabrichthys;tuka;Purple Queenfish
Mobulidae;Mobula;birostris;Giant Manta
Monodactylidae;Monodactylus;argenteus;Silver Mono
Lethrinidae;Monotaxis;grandoculis;Humpnose Bigeye Bream
Lethrinidae;Monotaxis;heterodon;Redfin Emperor
Mugilidae;Moolgarda;crenilabis;Fringelip Mullet
Mugilidae;Moolgarda;seheli;Bluespot Mullet
Mullidae;Mulloidichthys;flavolineatus;Yellowstripe Goatfish
Mullidae;Mulloidichthys;vanicolensis;Yellowfin Goatfish
Ophichthidae;Myrichthys;colubrinus;Banded Snake Eel
Ophichthidae;Myrichthys;maculosus;Spotted Snake Eel
Holocentridae;Myripristis;adusta;Shadowfin Soldierfish
Holocentridae;Myripristis;amaena;Brick Soldierfish
Holocentridae;Myripristis;berndti;Bigscale Soldierfish
Holocentridae;Myripristis;botche;Splendid Soldierfish
Holocentridae;Myripristis;hexagona;Doubletooth Soldierfish
Holocentridae;Myripristis;kuntee;Epaulette Soldierfish
Holocentridae;Myripristis;murdjan;Blotcheye Soldierfish
Holocentridae;Myripristis;pralinia;Scarlet Soldierfish
Holocentridae;Myripristis;violacea;Violet Soldierfish
Holocentridae;Myripristis;vittata;Whitetip Soldierfish
Blenniidae;Nannosalarias;nativitatis;Throatspot Blenny
Acanthuridae;Naso;annulatus;Whitemargin Unicornfish
Acanthuridae;Naso;brachycentron;Humpback Unicornfish
Acanthuridae;Naso;brevirostris;Spotted Unicornfish
Acanthuridae;Naso;caeruleacauda;Bluetail Unicornfish
Acanthuridae;Naso;caesius;Grey Unicornfish
Acanthuridae;Naso;elegans;Red Sea Orange-Spine Unicornfish
Acanthuridae;Naso;hexacanthus;Sleek Unicornfish
Acanthuridae;Naso;lituratus;Orange-Spine Unicornfish
Acanthuridae;Naso;lopezi;Slender Unicornfish
Acanthuridae;Naso;mcdadei;Squarenose Unicornfish
Acanthuridae;Naso;minor;Blackspine Unicornfish
Acanthuridae;Naso;thynnoides;Onespine Unicornfish
Acanthuridae;Naso;unicornis;Bluespine Unicornfish
Acanthuridae;Naso;vlamingii;Bignose Unicorn
Carangidae;Naucrates;ductor;Pilotfish
Apogonidae;Nectamia;annularis;Ringtail Cardinalfish
Apogonidae;Nectamia;fusca;Ghost Cardinalfish
Apogonidae;Nectamia;savayensis;Samoan Cardinalfish
Apogonidae;Nectamia;zebrina;Zebra Cardinalfish
Anthiadidae;Nemanthias;dispar;Redfin Anthias
Microdesmidae;Nemateleotris;decora;Decorated Dartfish
Microdesmidae;Nemateleotris;magnifica;Fire Dartfish
Nemipteridae;Nemipterus;furcosus;Rosy Threadfin Bream
Pomacentridae;Neoglyphidodon;crossi;Cross Damselfish
Pomacentridae;Neoglyphidodon;melas;Black Damsel
Pomacentridae;Neoglyphidodon;nigroris;Yellowtail Damselfish
Pomacentridae;Neoglyphidodon;oxyodon;Javanese Damsel
Pomacentridae;Neoglyphidodon;thoracotaeniatus;Western Barhead Damsel
Holocentridae;Neoniphon;argenteus;Clearfin Squirrelfish
Holocentridae;Neoniphon;aurolineatus;Goldlined Squirrelfish
Holocentridae;Neoniphon;opercularis;Blackfin Squirrelfish
Holocentridae;Neoniphon;sammara;Spotfin Squirrelfish
Neopomacentridae;Neopomacentrus;bankieri;Chinese Demoiselle
Pomacentridae;Neopomacentrus;bankieri;Chinese Demoiselle
Pomacentridae;Neopomacentrus;cyanomos;Regal Demoiselle
Pomacentridae;Neopomacentrus;filamentosus;NA
Pomacentridae;Neopomacentrus;miryae;Miry's Demoiselle
Dasyatidae;Neotrygon;kuhlii;Bluespotted Maskray
Labridae;Novaculichthys;taeniourus;Rockmover Wrasse
Labridae;Novaculops;halsteadi;Halstead's Wrasse
Balistidae;Odonus;niger;Redtooth Triggerfish
Atherinidae;Old;World;
Platycephalidae;Onigocia;bimaculata;Twospot Flathead
Ophichthidae;Ophichthus;altipennis;Highfin Snake Eel
Ophichthidae;Ophichthus;bonaparti;Napoleon Snake Eel
Ophichthidae;Ophichthus;polyophthalmus;Orange-Spotted Snake Eel
Opistognathidae;Opistognathus;randalli;Yellowbarred Jawfish
Opistognathidae;Opistognathus;solorensis;Solor Jawfish
Opistognathidae;Opistognathus;species6;NA
Opistognathidae;Opistognathus;variabilis;Variable Jawfish
Opistognathidae;Opistognathus;wassi;Chinstrap Jawfish
Gobiidae;Oplopomops;diacanthus;Twospine Sandgoby
Gobiidae;Oplopomus;caninoides;Shy Lagoongoby
Gobiidae;Oplopomus;oplopomus;Pretty Lagoongoby
Mugilidae;Osteomugil;perusii;Longfinned Mullet
Apogonidae;Ostorhinchus;angustatus;Broadstripe Cardinalfish
Apogonidae;Ostorhinchus;apogonoides;Goldbelly Cardinalfish
Apogonidae;Ostorhinchus;aureus;Ringtailed Cardinalfish
Apogonidae;Ostorhinchus;chrysopomus;Spotted-Gill Cardinalfish
Apogonidae;Ostorhinchus;chrysotaenia;Yellowlined Cardinalfish
Apogonidae;Ostorhinchus;compressus;Blue-eye Cardinalfish
Apogonidae;Ostorhinchus;cyanosoma;Yellowstriped Cardinalfish
Apogonidae;Ostorhinchus;fleurieu;Flower Cardinalfish
Apogonidae;Ostorhinchus;griffini;Hookfin Cardinalfish
Apogonidae;Ostorhinchus;hartzfeldii;Hartzfeld's Cardinalfish
Apogonidae;Ostorhinchus;hoevenii;Frostfin Cardinalfish
Apogonidae;Ostorhinchus;lateralis;
Apogonidae;Ostorhinchus;margaritophorus;Redstriped Cardinalfish
Apogonidae;Ostorhinchus;moluccensis;Moluccan Cardinalfish
Apogonidae;Ostorhinchus;monospilus;Yelloweye Cardinalfish
Apogonidae;Ostorhinchus;multilineatus;Manylined Cardinalfish
Apogonidae;Ostorhinchus;nanus;Tiny Cardinalfish
Apogonidae;Ostorhinchus;neotes;Larval Cardinalfish
Apogonidae;Ostorhinchus;nigrofasciatus;Blackstripe Cardinalfish
Apogonidae;Ostorhinchus;novemfasciatus;Sevenstripe Cardinalfish
Apogonidae;Ostorhinchus;parvulus;Redspot Cardinalfish
Apogonidae;Ostorhinchus;sealei;Cheekbar Cardinalfish
Apogonidae;Ostorhinchus;wassinki;Wassink's Cardinalfish
Ostraciidae;Ostracion;cubicum;Yellow Boxfish
Ostraciidae;Ostracion;cyanurus;Bluetail Trunkfish
Ostraciidae;Ostracion;meleagris;Spotted Boxfish
Ostraciidae;Ostracion;rhinorhynchos;NA
Ostraciidae;Ostracion;solorensis;Solor Boxfish
Labridae;Oxycheilinus;bimaculatus;Doublespot Wrasse
Labridae;Oxycheilinus;celebicus;Celebes Wrasse
Labridae;Oxycheilinus;digramma;Linecheeked Wrasse
Labridae;Oxycheilinus;mentalis;Mental Wrasse
Labridae;Oxycheilinus;orientalis;Slender Wrasse
Labridae;Oxycheilinus;unifasciatus;Ringtail Wrasse
Cirrhitidae;Oxycirrhites;typus;Longnose Hawkfish
Monacanthidae;Oxymonacanthus;halli;Red Sea Longnose Filefish
Monacanthidae;Oxymonacanthus;longirostris;Longnose Filefish
Platycephalidae;Papilloculiceps;longiceps;Tentacled Flathead
Lutjanidae;Paracaesio;sordida;False Fusilier
Lutjanidae;Paracaesio;xanthura;Yellowtail Blue Snapper
Acanthuridae;Paracanthurus;hepatus;Palette Surgeonfish
Synanceiidae;Paracentropogon;longispinus;Longspine Waspfish
Labridae;Paracheilinus;cyaneus;Blue Flasher Wrasse
Labridae;Paracheilinus;filamentosus;Filamented Flasher
Labridae;Paracheilinus;octotaenia;Red Sea Eightline Flasher
Labridae;Paracheilinus;paineorum;Paine's Flasher Wrasse
Cirrhitidae;Paracirrhites;arcatus;Ringeye Hawkfish
Cirrhitidae;Paracirrhites;forsteri;Freckled Hawkfish
Gobiidae;Paragobiodon;melanosoma;Black Coralgoby
Gobiidae;Paragobiodon;xanthosoma;Emerald Coralgoby
Monacanthidae;Paraluteres;prionurus;Blacksaddle Toby Mimic
Monacanthidae;Paramonacanthus;choirocephalus;Whiteblotch Filefish
Monacanthidae;Paramonacanthus;curtorhynchos;Shortsnout Filefish
Monacanthidae;Paramonacanthus;japonicus;Hairfinned Leatherjacket
Monacanthidae;Paramonacanthus;sulcatus;Mudbank Filefish
Pinguipedidae;Parapercis;bimacula;Twospot Sandperch
Pinguipedidae;Parapercis;clathrata;Latticed Sandperch
Pinguipedidae;Parapercis;cylindrica;Sharpnose Sandperch
Pinguipedidae;Parapercis;hexophtalma;Speckled Sandperch
Pinguipedidae;Parapercis;lineopunctata;Nosestripe Sandperch
Pinguipedidae;Parapercis;millepunctata;Spotted Sandperch
Pinguipedidae;Parapercis;schauinslandii;Red-Spotted Sandperch
Pinguipedidae;Parapercis;snyderi;Blackfin Sandperch
Pinguipedidae;Parapercis;tetracantha;Reticulated Sandperch
Pinguipedidae;Parapercis;xanthozona;Whitestripe Sandperch
Pempheridae;Parapriacanthus;guentheri;Goldhead Sweeper
Pempheridae;Parapriacanthus;ransonneti;Golden Sweeper
Soleidae;Pardachirus;marmoratus;Red Sea Moses Sole
Microdesmidae;Parioglossus;philippinus;Philippines Dartfish
Microdesmidae;Parioglossus;raoi;Rao's Dartfish
Mullidae;Parupeneus;barberinoides;Bicolor Goatfish
Mullidae;Parupeneus;barberinus;Dash-Dot Goatfish
Mullidae;Parupeneus;crassilabris;Doublebar Goatfish
Mullidae;Parupeneus;cyclostomus;Goldsaddle Goatfish
Mullidae;Parupeneus;forsskali;Red Sea Goatfish
Mullidae;Parupeneus;heptacantha;Cinnabar Goatfish
Mullidae;Parupeneus;indicus;Indian Goatfish
Mullidae;Parupeneus;macronemus;Longbarbel Goatfish
Mullidae;Parupeneus;multifasciatus;Manybar Goatfish
Mullidae;Parupeneus;pleurostigma;Sidespot Goatfish
Dasyatidae;Pastinachus;sephen;Fantail Stingray
Pegasidae;Pegasus;volitans;Slender Seamoth
Pempheridae;Pempheris;adusta;Dusky Sweeper
Pempheridae;Pempheris;flavicycla;NA
Pempheridae;Pempheris;oualensis;Copper Sweeper
Pempheridae;Pempheris;schwenkii;Silver Sweeper
Pempheridae;Pempheris;tominagai;African Silver Sweeper
Pempheridae;Pempheris;vanicolensis;Vanikolo Sweeper
Nemipteridae;Pentapodus;aureofasciatus;Yellow-Striped Whiptail
Nemipteridae;Pentapodus;caninus;Small-Toothed Whiptail
Nemipteridae;Pentapodus;emeryii;Double Whiptail
Nemipteridae;Pentapodus;trivittatus;Three-Striped Whiptail
Gobiidae;Periophthalmus;argentilineatus;Barred Mudskipper
Gobiidae;Periophthalmus;kalolo;Common Mudskipper
Monacanthidae;Pervagor;aspricaudus;Orangetail Filefish
Monacanthidae;Pervagor;janthinosoma;Blackbar Filefish
Monacanthidae;Pervagor;melanocephalus;Blackhead Filefish
Monacanthidae;Pervagor;nigrolineatus;Blackline Filefish
Blenniidae;Petroscirtes;breviceps;Shorthead Fangblenny
Blenniidae;Petroscirtes;mitratus;Highfin Fangblenny
Blenniidae;Petroscirtes;variabilis;Variable Sabretooth Blenny
Pholidichthyidae;Pholidichthys;leucotaenia;Convict Blenny
Gobiidae;Phyllogobius;platycephalops;Flathead Goby
Pseudochromidae;Pictichromis;paccagnellae;Royal Dottyback
Pseudochromidae;Pictichromis;porphyrea;Magenta Dottyback
Blenniidae;Plagiotremus;laudandus;Bicolor Fangblenny
Blenniidae;Plagiotremus;rhinorhynchos;Bluestriped Fangblenny
Blenniidae;Plagiotremus;tapeinosoma;Piano Fangblenny
Blenniidae;Plagiotremus;townsendi;Townsend's Fangblenny
Ephippidae;Platax;batavianus;Batavia Batfish
Ephippidae;Platax;boersii;Golden Spadefish
Ephippidae;Platax;orbicularis;Circular Spadefish
Ephippidae;Platax;pinnatus;Pinnate Spadefish
Ephippidae;Platax;teira;Longfin Spadefish
Belonidae;Platybelone;argalus;Keeltail Needlefish
Haemulidae;Plectorhinchus;albovittatus;Giant Sweetlips
Haemulidae;Plectorhinchus;chaetodonoides;Harlequin Sweetlips
Haemulidae;Plectorhinchus;flavomaculatus;Goldspotted Sweetlips
Haemulidae;Plectorhinchus;gaterinus;Blackspotted Sweetlips
Haemulidae;Plectorhinchus;gibbosus;Blubberlip
Haemulidae;Plectorhinchus;lessonii;Striped Sweetlips
Haemulidae;Plectorhinchus;lineatus;Diagonal-Banded Sweetlips
Haemulidae;Plectorhinchus;picus;Spotted Sweetlips
Haemulidae;Plectorhinchus;polytaenia;Ribbon Sweetlips
Haemulidae;Plectorhinchus;vittatus;Oriental Sweetlips
Anthiadidae;Plectranthias;winniensis;Redblotch Perchlet
Pomacentridae;Plectroglyphidodon;dickii;Blackbar Damsel
Pomacentridae;Plectroglyphidodon;johnstonianus;Johnston Damsel
Pomacentridae;Plectroglyphidodon;leucozonus;Whiteband Damselfish Not Leucozona
Epinephelidae;Plectropomus;areolatus;Square-Tailed Coral Grouper
Epinephelidae;Plectropomus;laevis;Blacksaddle Coral Grouper
Epinephelidae;Plectropomus;leopardus;Leopard Coral Grouper
Epinephelidae;Plectropomus;maculatus;Spotted Coral Grouper
Epinephelidae;Plectropomus;marisrubri;Red Sea Roving Coral Grouper
Epinephelidae;Plectropomus;oligacanthus;Highfin Coral Grouper
Epinephelidae;Plectropomus;pessuliferus;Roving Coral Grouper
Plesiopidae;Plesiops;coeruleolineatus;Crimsontop Longfin
Gobiidae;Pleurosicya;boldinghi;Boldinghs Ghostgoby
Gobiidae;Pleurosicya;elongata;Elongate Ghostgoby
Gobiidae;Pleurosicya;micheli;Stony Coral Ghostgoby
Gobiidae;Pleurosicya;mossambica;Common Ghostgoby
Gobiidae;Pleurosicya;plicata;Folded Ghostgoby
Mugilidae;Plicomugil;labiosus;Thicklip Mullet
Plotosidae;Plotosus;lineatus;Striped Catfish
Pomacanthidae;Pomacanthus;asfur;Arabian Angelfish
Pomacanthidae;Pomacanthus;imperator;Emperor Angelfish
Pomacanthidae;Pomacanthus;maculosus;Yellowbar Angelfish
Pomacanthidae;Pomacanthus;navarchus;Blue-Girdled Angelfish
Pomacanthidae;Pomacanthus;semicirculatus;Semicircle Angelfish
Pomacanthidae;Pomacanthus;sexstriatus;Six-Banded Angelfish
Pomacanthidae;Pomacanthus;xanthometopon;Yellow-Mask Angelfish
Pomacentridae;Pomacentrus;adelus;Obscure Damselfish
Pomacentridae;Pomacentrus;albicaudatus;Whitetail Damselfish
Pomacentridae;Pomacentrus;alexanderae;Alexander's Damsel
Pomacentridae;Pomacentrus;amboinensis;Ambon Damselfish
Pomacentridae;Pomacentrus;aquilus;Dark Damsel
Pomacentridae;Pomacentrus;aurifrons;Goldhead Damsel
Pomacentridae;Pomacentrus;auriventris;Goldbelly Damsel
Pomacentridae;Pomacentrus;bankanensis;Speckled Damsel
Pomacentridae;Pomacentrus;brachialis;Charcoal Damsel
Pomacentridae;Pomacentrus;burroughi;Burroughs Damselfish
Pomacentridae;Pomacentrus;coelestis;Neon Damselfish
Pomacentridae;Pomacentrus;cuneatus;Wedgespot Damsel
Pomacentridae;Pomacentrus;grammorhynchus;Azurespot Damselfish
Pomacentridae;Pomacentrus;imitator;Imitator Damsel
Pomacentridae;Pomacentrus;lepidogenys;Scaly Damsel
Pomacentridae;Pomacentrus;leptus;Slender Damsel
Pomacentridae;Pomacentrus;moluccensis;Lemon Damsel
Pomacentridae;Pomacentrus;nagasakiensis;Nagasaki Damselfish
Pomacentridae;Pomacentrus;nigromanus;Goldback Damsel
Pomacentridae;Pomacentrus;nigromarginatus;Black-Margined Damselfish
Pomacentridae;Pomacentrus;pavo;Blue Damsel
Pomacentridae;Pomacentrus;philippinus;Philippine Damsel
Pomacentridae;Pomacentrus;reidi;Reid's Damsel
Pomacentridae;Pomacentrus;simsiang;Blueback Damselfish
Pomacentridae;Pomacentrus;stigma;Blackspot Damsel
Pomacentridae;Pomacentrus;sulfureus;Sulphur Damsel
Pomacentridae;Pomacentrus;taeniometopon;Brackish Damsel
Pomacentridae;Pomacentrus;trichrourus;Paletail Damsel
Pomacentridae;Pomacentrus;trilineatus;Threeline Damsel
Pomacentridae;Pomacentrus;tripunctatus;Threespot Damselfish
Pomacentridae;Pomacentrus;vaiuli;Princess Damselfly
Priacanthidae;Priacanthus;blochii;Blochs Bigeye
Priacanthidae;Priacanthus;hamrur;Crescent-Tail Bigeye
Priacanthidae;Priacanthus;macracanthus;Spottedfin Bigeye
Gobiidae;Priolepis;cincta;NA
Gobiidae;Priolepis;inhaca;Network Reefgoby
Gobiidae;Priolepis;nuchifasciata;Orange Coral-Goby
Carcharhinidae;Prionace;glauca;Blue Shark
Apogonidae;Pristiapogon;exostigma;Oneline Cardinalfish
Apogonidae;Pristiapogon;fraenatus;Bridled Cardinalfish
Apogonidae;Pristiapogon;kallopterus;Iridescent Cardinalfish
Apogonidae;Pristicon;rhodopterus;False Threespot Cardinalfish
Apogonidae;Pristicon;trimaculatus;Threespot Cardinafish
Monacanthidae;Pseudalutarius;nasicornis;Rhino Filefish
Anthiadidae;Pseudanthias;cheirospilos;Pacific Lyretail Anthias
Anthiadidae;Pseudanthias;huchtii;Threadfin Anthias
Anthiadidae;Pseudanthias;pleurotaenia;Squarespot Anthias
Anthiadidae;Pseudanthias;randalli;Randall's Anthias
Anthiadidae;Pseudanthias;squamipinnis;Scalefin Anthias
Anthiadidae;Pseudanthias;taeniatus;Red Sea Anthias
Balistidae;Pseudobalistes;flavimarginatus;Yellowmargin Triggerfish
Balistidae;Pseudobalistes;fuscus;Blue Triggerfish
Labridae;Pseudocheilinops;ataenia;Midget Wrasse
Labridae;Pseudocheilinus;evanidus;Disappearing Wrasse
Labridae;Pseudocheilinus;hexataenia;Eight-Lined Wrasse
Labridae;Pseudocheilinus;octotaenia;Eightstripe Wrasse
Pseudochromidae;Pseudochromis;ammeri;Raja Dottyback
Pseudochromidae;Pseudochromis;bitaeniatus;Double-Striped Dottyback
Pseudochromidae;Pseudochromis;dixurus;Forktail Dottyback
Pseudochromidae;Pseudochromis;eichleri;Eichler's Dottyback
Pseudochromidae;Pseudochromis;erdmanni;Erdmann's Dottyback
Pseudochromidae;Pseudochromis;flavivertex;Sunrise Dottyback
Pseudochromidae;Pseudochromis;fridmani;Orchid Dottyback
Pseudochromidae;Pseudochromis;fuscus;Dusky Dottyback
Pseudochromidae;Pseudochromis;marshallensis;Marshall's dottyback
Pseudochromidae;Pseudochromis;olivaceus;Olive Dottyback
Pseudochromidae;Pseudochromis;perspicillatus;Blackstripe Dottyback
Pseudochromidae;Pseudochromis;springeri;Blue-Striped Dottyback
Pseudochromidae;Pseudochromis;steenei;Steene's Dottyback
Pseudochromidae;Pseudochromis;tapeinosoma;Blackmargin dottyback
Labridae;Pseudocoris;bleekeri;Philippines Wrasse
Labridae;Pseudocoris;heteroptera;Zebra Wrasse
Labridae;Pseudocoris;yamashiroi;Yamashiros Wrasse
Labridae;Pseudodax;moluccanus;Chiseltooth Wrasse
Monacanthidae;Pseudomonacanthus;macrurus;Strapweed Filefish
Bothidae;Pseudorhombus;dupliciocellatus;Occelated Flounder
Gobiidae;Psilogobius;prolatus;Longjaw Shrimpgoby
Gobiidae;Psilogobius;randalli;Randalls Shrimpgoby
Synanceiidae;Ptarmus;gallus;Crested Velvetfish
Labridae;Pteragogus;cryptus;Cryptic Wrasse
Labridae;Pteragogus;enneacanthus;Cockerel Wrasse
Labridae;Pteragogus;guttatus;Sneaky Wrasse
Labridae;Pteragogus;trispilus;Triplespot Wrasse
Apogonidae;Pterapogon;kauderni;Banggai Cardinalfish
Microdesmidae;Ptereleotris;brachyptera;Lowfin Dartfish
Microdesmidae;Ptereleotris;evides;Blackfin Dartfish
Microdesmidae;Ptereleotris;hanae;Threadfin Dartfish
Microdesmidae;Ptereleotris;heteroptera;Blacktail Dartfish
Microdesmidae;Ptereleotris;microlepis;Pearly Dartfish
Microdesmidae;Ptereleotris;rubristigma;Redspot Dartfish
Lutjanidae;Pterocaesio;chrysozona;Goldband Fusilier
Lutjanidae;Pterocaesio;digramma;Doubleline Fusilier
Lutjanidae;Pterocaesio;marri;Twinstripe Fusilier
Lutjanidae;Pterocaesio;pisang;Banana Fusilier
Lutjanidae;Pterocaesio;randalli;Randall's Fusilier
Lutjanidae;Pterocaesio;tessellata;One-Stripe Fusilier
Lutjanidae;Pterocaesio;tile;Neon Fusilier
Scorpaenidae;Pteroidichthys;amboinensis;Ambon Scorpionfish
Scorpaenidae;Pterois;antennata;Spotfin Lionfish
Scorpaenidae;Pterois;cincta;Clearfin Lionfish
Scorpaenidae;Pterois;miles;Indian Lionfish
Scorpaenidae;Pterois;russelii;Russells Lionfish
Scorpaenidae;Pterois;volitans;Common Lionfish
Pomacentridae;Pycnochromis;amboinensis;Ambon Chromis
Pomacentridae;Pycnochromis;atripes;Dark-Fin Chromis
Pomacentridae;Pycnochromis;caudalis;Blue-Axil Chromis
Pomacentridae;Pycnochromis;delta;Deepreef Chromis
Pomacentridae;Pycnochromis;dimidiatus;Chocolatedip chromis
Pomacentridae;Pycnochromis;lineatus;Lined chromis
Pomacentridae;Pycnochromis;margaritifer;Bicolor Chromis
Pomacentridae;Pycnochromis;retrofasciatus;Blackbar Chromis
Pomacanthidae;Pygoplites;diacanthus;Regal Angelfish
Rachycentridae;Rachycentron;canadum;Cobia
Scombridae;Rastrelliger;kanagurta;Longjaw Mackerel
Apogonidae;Rhabdamia;gracilis;Slender Cardinalfish
Sparidae;Rhabdosargus;haffara;Haffara Seabream
Rhincodontidae;Rhincodon;typus;Whale Shark
Balistidae;Rhinecanthus;aculeatus;Lagoon Triggerfish
Balistidae;Rhinecanthus;assasi;Arabian Picasso Triggerfish
Balistidae;Rhinecanthus;rectangulus;Wedgetail Triggerfish
Balistidae;Rhinecanthus;verrucosus;Blackpatch Triggerfish
Muraenidae;Rhinomuraena;quaesita;Ribbon Eel
Scorpaenidae;Rhinopias;eschmeyeri;Eschmeyers Scorpionfish
Monacanthidae;Rudarius;excelsus;Diamond leatherjacket
Blenniidae;Salarias;alboguttatus;White-Spotted Blenny
Blenniidae;Salarias;ceramensis;Seram Blenny
Blenniidae;Salarias;fasciatus;Jewelled Blenny
Blenniidae;Salarias;guttatus;Fine-Spotted Blenny
Blenniidae;Salarias;obscurus;Obscure Blenny
Blenniidae;Salarias;ramosus;Starry Blenny
Blenniidae;Salarias;segmentatus;Segmented Blenny
Holocentridae;Sargocentron;caudimaculatum;Tailspot Squirrelfish
Holocentridae;Sargocentron;cornutum;Three-Spot Squirrelfish
Holocentridae;Sargocentron;diadema;Crown Squirrelfish
Holocentridae;Sargocentron;ittodai;Samurai Squirrelfish
Holocentridae;Sargocentron;melanospilos;Blackspot Squirrelfish
Holocentridae;Sargocentron;praslin;Darkstriped Squirrelfish
Holocentridae;Sargocentron;rubrum;Redcoat Squirrelfish
Holocentridae;Sargocentron;spiniferum;Sabre Squirrelfish
Synodontidae;Saurida;gracilis;Slender Lizardfish
Synodontidae;Saurida;nebulosa;Nebulous Lizardfish
Labridae-Sc;Scarus;chameleon;Chameleon Parrotfish
Labridae-Sc;Scarus;collana;Red Sea Parrotfish
Labridae-Sc;Scarus;dimidiatus;Yellow-Barred Parrotfish
Labridae-Sc;Scarus;ferrugineus;Rusty Parrotfish
Labridae-Sc;Scarus;festivus;Festive Parrotfish
Labridae-Sc;Scarus;flavipectoralis;Yellowfin Parrotfish
Labridae-Sc;Scarus;forsteni;Bluepatch Parrotfish - Whitepatch
Labridae-Sc;Scarus;frenatus;Bridled Parrotfish
Labridae-Sc;Scarus;fuscopurpureus;Purple-Brown Parrotfish
Labridae-Sc;Scarus;ghobban;Blue-Barred Parrotfish
Labridae-Sc;Scarus;hypselopterus;East Indies Parrotfish
Labridae-Sc;Scarus;niger;Swarthy Parrotfish
Labridae-Sc;Scarus;oviceps;Darkcap Parrotfish
Labridae-Sc;Scarus;prasiognathos;Greencheek Parrotfish
Labridae-Sc;Scarus;psittacus;Palenose Parrotfish
Labridae-Sc;Scarus;quoyi;Quoy's Parrotfish
Labridae-Sc;Scarus;rivulatus;Surf Parrotfish
Labridae-Sc;Scarus;rubroviolaceus;Redlip Parrotfish
Labridae-Sc;Scarus;scaber;Five-Saddle Parrotfish
Labridae-Sc;Scarus;schlegeli;Yellowbar Parrotfish
Labridae-Sc;Scarus;spinus;Pygmy Parrotfish
Labridae-Sc;Scarus;tricolor;Tricolor Parrotfish
Labridae-Sc;Scarus;xanthopleura;Red Parrotfish
Nemipteridae;Scolopsis;affinis;Pale Monocle Bream
Nemipteridae;Scolopsis;bilineata;Not Bilineatus - Bridled
Nemipteridae;Scolopsis;ciliata;Whitestreak Monocle Bream
Nemipteridae;Scolopsis;ghanam;Arabian Monocle Bream
Nemipteridae;Scolopsis;lineata;Striped Monocle Bream
Nemipteridae;Scolopsis;margaritifera;Pearly Monocle Bream
Nemipteridae;Scolopsis;monogramma;Monogram Monocle Bream
Nemipteridae;Scolopsis;temporalis;Rainbow Monocle Bream
Nemipteridae;Scolopsis;trilineata;Three-Lined Monocle
Nemipteridae;Scolopsis;xenochrous;Pearl-Streaked Monocle Bream
Carangidae;Scomberoides;lysan;Double Spotted Squeenfish
Scombridae;Scomberomorus;commerson;Spanish Mackerel
Scorpaenidae;Scorpaenodes;guamensis;Guam Scorpionfish
Scorpaenidae;Scorpaenodes;kelloggi;Dwarf Scorpionfish
Scorpaenidae;Scorpaenopsis;barbata;Bearded Scorpionfish
Scorpaenidae;Scorpaenopsis;cotticeps;Sculpin Scorpionfish
Scorpaenidae;Scorpaenopsis;diabolus;Devil Scorpionfish
Scorpaenidae;Scorpaenopsis;macrochir;Flasher Scorpionfish
Scorpaenidae;Scorpaenopsis;oxycephala;Tasseled Scorpionfish
Scorpaenidae;Scorpaenopsis;papuensis;Papuan Scorpionfish
Scorpaenidae;Scorpaenopsis;possi;Poss's Scorpionfish
Scorpaenidae;Scorpaenopsis;venosa;Raggy Scorpionfish
Muraenidae;Scuticaria;tigrina;Tiger Reef-Eel
Scorpaenidae;Sebastapistes;cyanostigma;Yellow-Spotted Scorpionfish
Carangidae;Selar;boops;Oxeye scad
Carangidae;Selar;crumenophthalmus;Bigeye Scad
Carangidae;Selaroides;leptolepis;Yellowstripe Scad
Carangidae;Seriolina;nigrofasciata;Blackbanded Jack
Anthiadidae;Serranocirrhitus;latus;Hawk Anthias
Siganidae;Siganus;argenteus;Forktail Rabbitfish
Siganidae;Siganus;corallinus;Coral Rabbitfish
Siganidae;Siganus;doliatus;Barred Rabbitfish
Siganidae;Siganus;fuscescens;Mottled Rabbitfish
Siganidae;Siganus;guttatus;Golden Rabbitfish
Siganidae;Siganus;javus;Java Rabbitfish
Siganidae;Siganus;labyrinthodes;Labyrinth Rabbitfish
Siganidae;Siganus;lineatus;Lined Rabbitfish
Siganidae;Siganus;luridus;Dusky Spinefoot
Siganidae;Siganus;puellus;Masked Rabbitfish
Siganidae;Siganus;punctatissimus;Fine-Spotted Rabbitfish
Siganidae;Siganus;punctatus;Spotted Rabbitfish
Siganidae;Siganus;rivulatus;Marbled Rabbitfish
Siganidae;Siganus;spinus;Scribbled Rabbitfish
Siganidae;Siganus;stellatus;Stellate Rabbitfish
Siganidae;Siganus;vermiculatus;Vermiculate Rabbitfish
Siganidae;Siganus;vulpinus;Foxface Rabbitfish
Gobiidae;Signigobius;biocellatus;Signal Goby
Sillaginidae;Sillago;sihama;Northern Whiting
Apogonidae;Siphamia;tubifer;
Centriscidae;Snipefishes;and;NA
Solenostomidae;Solenostomus;cyanopterus;Robust Ghost Pipefish
Solenostomidae;Solenostomus;halimeda;Halimeda Ghost Pipefish
Solenostomidae;Solenostomus;paegnius;Roughsnout Ghost Pipefish
Solenostomidae;Solenostomus;paradoxus;Ornate Ghost Pipefish
Apogonidae;Sphaeramia;nematoptera;Pajama Cardinalfish
Apogonidae;Sphaeramia;orbicularis;Orbicular Cardinalfish
Sphyraenidae;Sphyraena;barracuda;Great Barracuda
Sphyraenidae;Sphyraena;flavicauda;Yellowtail Barracuda
Sphyraenidae;Sphyraena;iburiensis;Iburi Barracuda
Sphyraenidae;Sphyraena;jello;Pickhandle Barracuda
Sphyraenidae;Sphyraena;obtusata;Obtuse Barracuda
Sphyraenidae;Sphyraena;qenie;Blackfin Barracuda
Sphyrnidae;Sphyrna;lewini;Scalloped Hammerhead
Clupeidae;Spratelloides;delicatulus;Blueback Sprat
Pomacentridae;Stegastes;aureus;NA
Pomacentridae;Stegastes;lacrymatus;Jewel Damsel
Pomacentridae;Stegastes;nigricans;Dusky Gregory
Pomacentridae;Stegastes;punctatus;Bluntsnout Gregory
Labridae;Stethojulis;albovittata;Bluelined Wrasse
Labridae;Stethojulis;bandanensis;Redshoulder Wrasse
Labridae;Stethojulis;interrupta;Cutribbon Wrasse
Labridae;Stethojulis;trilineata;Three-Lined Wrasse
Gobiidae;Stonogobiops;nematodes;Black-Rayed Shrimpgoby
Gobiidae;Stonogobiops;xanthorhinicus;Yellownose Shrimpgoby Not Rhinica
Belonidae;Strongylura;incisa;Reef Needlefish
Balistidae;Sufflamen;albicaudatum;Bluethroat Triggerfish
Balistidae;Sufflamen;bursa;Scythe Triggerfish
Balistidae;Sufflamen;chrysopterum;Flagtail Triggerfish
Balistidae;Sufflamen;fraenatum;Bridled Triggerfish
Platycephalidae;Sunagocia;carbunculus;Horned Flathead
Platycephalidae;Sunagocia;otaitensis;Fringelip Flathead
Lutjanidae;Symphorichthys;spilurus;Sailfin Snapper
Lutjanidae;Symphorus;nematophorus;Chinamanfish
Synanceiidae;Synanceia;horrida;Estuarine Stonefish
Synanceiidae;Synanceia;verrucosa;Reef Stonefish
Callionymidae;Synchiropus;bartelsi;Bartel's Dragonet
Callionymidae;Synchiropus;morrisoni;Morrison's Dragonet
Callionymidae;Synchiropus;moyeri;Moyer's Dragonet
Callionymidae;Synchiropus;ocellatus;Ocellated Dragonet
Callionymidae;Synchiropus;splendidus;Mandarinfish
Callionymidae;Synchiropus;stellatus;Starry Dragonet
Synodontidae;Synodus;binotatus;Twospot Lizardfish
Synodontidae;Synodus;dermatogenys;Clearfin Lizardfish
Synodontidae;Synodus;jaculum;Blackblotch Lizardfish
Synodontidae;Synodus;rubromarmoratus;Redmarbled Lizardfish
Synodontidae;Synodus;variegatus;Reef Lizardfish
Apogonidae;Taeniamia;bilineata;Two-Lined Cardinalfish
Apogonidae;Taeniamia;fucata;Orangelined Cardinalfish
Apogonidae;Taeniamia;macroptera;Duskytailed Cardinalfish
Apogonidae;Taeniamia;zosterophora;Girdled Cardinalfish
Scorpaenidae;Taenianotus;triacanthus;Leaf Scorpionfish
Dasyatidae;Taeniura;lymma;Blue-Spotted Ribbontail Ray
Dasyatidae;Taeniura;meyeni;NA
Terapontidae;Terapon;jarbua;Crescent Grunter
Ostraciidae;Tetrosomus;gibbosus;Humpback Turretfish
Labridae;Thalassoma;amblycephalum;Bluntheaded Wrasse
Labridae;Thalassoma;hardwicke;Sixbar Wrasse
Labridae;Thalassoma;jansenii;Jansen's Wrasse
Labridae;Thalassoma;lunare;Crescent Wrasse
Labridae;Thalassoma;nigrofasciatum;Blackbarred Wrasse
Labridae;Thalassoma;purpureum;Surge Wrasse
Labridae;Thalassoma;quinquevittatum;Fivestripe Wrasse
Labridae;Thalassoma;rueppellii;Klunzinger's Wrasse
Scombridae;Thunnus;obesus;Bigeye Tuna
Platycephalidae;Thysanophrys;celebica;Celebes Flathead
Platycephalidae;Thysanophrys;chiltonae;Longsnout Flathead
Gobiidae;Tomiyamichthys;alleni;Highfin Shrimpgoby
Gobiidae;Tomiyamichthys;emilyae;Emily's Shrimpgoby
Gobiidae;Tomiyamichthys;lanceolatus;Lanceolate Shrimpgoby
Gobiidae;Tomiyamichthys;latruncularius;Yellowfin Shrimpgoby
Gobiidae;Tomiyamichthys;nudus;Naked Shrimpgoby
Gobiidae;Tomiyamichthys;oni;Monster Shrimpgoby
Gobiidae;Tomiyamichthys;russus;Blacktip Shrimp Goby
Gobiidae;Tomiyamichthys;tanyspilus;Longspot Shrimpgoby
Torpedinidae;Torpedo;panthera;Leopard Torpedo Ray
Tetraodontidae;Torquigener;flavimaculosus;Yellowspotted Puffer
Toxotidae;Toxotes;jaculatrix;Archerfish
Synodontidae;Trachinocephalus;trachinus;Bluntnose Lizardfish
Carangidae;Trachinotus;baillonii;Small-Spotted Dart
Syngnathidae;Trachyrhamphus;bicoarctatus;Double-Ended Pipefish
Carcharhinidae;Triaenodon;obesus;Whitetip Reef Shark
Trichonotidae;Trichonotus;elegans;Threadfin Sanddiver
Trichonotidae;Trichonotus;nikii;Red Sea Sanddiver
Trichonotidae;Trichonotus;setiger;Spotted Sanddiver
Gobiidae;Trimma;anaima;Pale Trimma
Gobiidae;Trimma;avidori;Avidors Trimma
Gobiidae;Trimma;barralli;Barrall's Trimma
Gobiidae;Trimma;benjamini;Ringeye Trimma
Gobiidae;Trimma;cana;Candycane Trimma
Gobiidae;Trimma;caudomaculatum;NA
Gobiidae;Trimma;flavicaudatum;Yellow-Tailed Trimma
Gobiidae;Trimma;hoesei;Hoese’s Trimma
Gobiidae;Trimma;lantana;Lantana Trimma
Gobiidae;Trimma;macrophthalmus;Large-Eye Trimma
Gobiidae;Trimma;nasa;Nasal Trimma
Gobiidae;Trimma;striatum;Redlined Trimma
Gobiidae;Trimma;taylori;Yellow Trimma
Gobiidae;Trimma;tevegae;Bluestripe Trimma
Gobiidae;Trimma;yanoi;Pudgy Trimma
Carangidae;Turrum;coeruleopinnatum;Onion Trevally
Carangidae;Turrum;fulvoguttatum;Yellow-Spotted Trevally
Belonidae;Tylosurus;choram;Red Sea Houndfish
Belonidae;Tylosurus;crocodilus;Crocodile Needlefish
Tripterygiidae;Ucla;xenogrammus;Largemouth Triplefin
Mullidae;Upeneus;margarethae;Margaretha's Goatfish
Mullidae;Upeneus;sundaicus;Sunda Goatfish
Mullidae;Upeneus;tragula;Freckled Goatfish
Mullidae;Upeneus;vittatus;Striped Goatfish
Uranoscopidae;Uranoscopus;rosette;Rosette-Spotted Stargazer
Uranoscopidae;Uranoscopus;sulphureus;Whitemargin Stargazer
Dasyatidae;Urogymnus;granulatus;Mangrove Whipray
Muraenidae;Uropterygius;concolor;Brown Snakemoray
Gobiidae;Valenciennea;alleni;Allen's Glidergoby
Gobiidae;Valenciennea;bella;Yellow-Filament Glidergoby
Gobiidae;Valenciennea;helsdingenii;Twostripe Glidergoby
Gobiidae;Valenciennea;muralis;Mural Glidergoby
Gobiidae;Valenciennea;parva;Ladder Glidergoby
Gobiidae;Valenciennea;puellaris;Orange-Dashed Glidergoby
Gobiidae;Valenciennea;sexguttata;Six-Spot Glidergoby
Gobiidae;Valenciennea;strigata;Bluestreak Glidergoby
Gobiidae;Valenciennea;wardii;Ward's Glidergoby
Gobiidae;Vanderhorstia;ambanoro;Ambanoro Shrimpgoby
Gobiidae;Vanderhorstia;auronotata;Gold-marked shrimpgoby
Gobiidae;Vanderhorstia;cyanolineata;Blue-lined Shrimpgoby
Gobiidae;Vanderhorstia;delagoae;Candystick Goby
Gobiidae;Vanderhorstia;dorsomacula;Dorsalspot Shrimpgoby
Gobiidae;Vanderhorstia;nobilis;Majestic Shrimphoby
Gobiidae;Vanderhorstia;ornatissima;Ornate Shrimpgoby
Gobiidae;Vanderhorstia;papilio;Butterfly Shrimpgoby
Gobiidae;Vanderhorstia;phaeosticta;Yellowfoot Shrimpgoby
Epinephelidae;Variola;albimarginata;White-Edged Lyretail
Epinephelidae;Variola;louti;Yellow-Edged Lyretail
Apogonidae;Verulux;cypselurus;Blacknosed Cardinalfish
Labridae;Wetmorella;bifasciata;NA
Balistidae;Xanthichthys;auromarginatus;Gilded Triggerfish
Blenniidae;Xiphasia;setifer;Snake Blenny
Apogonidae;Yarica;hyalosoma;Humpbacked Cardinalfish
Gobiidae;Yongeichthys;suluensis;Sulu Goby
Zanclidae;Zanclus;cornutus;Moorish Idol
Acanthuridae;Zebrasoma;desjardinii;Indian Sailfin Tang
Acanthuridae;Zebrasoma;flavescens;Yellow Tang
Acanthuridae;Zebrasoma;scopas;Brushtail Tang
Acanthuridae;Zebrasoma;velifer;Pacific Sailfin Tang
Acanthuridae;Zebrasoma;xanthurum;Yellowtail Tang
Hemiramphidae;Zenarchopterus;dispar;Estuarine Halfbeak
Hemiramphidae;Zenarchopterus;gilli;Shortnose River Halfbeak
Apogonidae;Zoramia;leptacanthus;Threadfin Cardinalfish
